[{"code":"","src":"https://cdn.fromdoppler.com/formgenerator/latest/vendor.js?11431999","priority":10,"key":"widget-0"},{"code":"","src":"https://http2.mlstatic.com/resources/frontend/statics/ms-widgets/on-scroll-header/v1.0.0/on-scroll-header.js","priority":10,"key":"widget-1"},{"code":"/******/ (function(modules) { // webpackBootstrap\n/******/ \t// The module cache\n/******/ \tvar installedModules = {};\n/******/\n/******/ \t// The require function\n/******/ \tfunction __webpack_require__(moduleId) {\n/******/\n/******/ \t\t// Check if module is in cache\n/******/ \t\tif(installedModules[moduleId]) {\n/******/ \t\t\treturn installedModules[moduleId].exports;\n/******/ \t\t}\n/******/ \t\t// Create a new module (and put it into the cache)\n/******/ \t\tvar module = installedModules[moduleId] = {\n/******/ \t\t\ti: moduleId,\n/******/ \t\t\tl: false,\n/******/ \t\t\texports: {}\n/******/ \t\t};\n/******/\n/******/ \t\t// Execute the module function\n/******/ \t\tmodules[moduleId].call(module.exports, module, module.exports, __webpack_require__);\n/******/\n/******/ \t\t// Flag the module as loaded\n/******/ \t\tmodule.l = true;\n/******/\n/******/ \t\t// Return the exports of the module\n/******/ \t\treturn module.exports;\n/******/ \t}\n/******/\n/******/\n/******/ \t// expose the modules object (__webpack_modules__)\n/******/ \t__webpack_require__.m = modules;\n/******/\n/******/ \t// expose the module cache\n/******/ \t__webpack_require__.c = installedModules;\n/******/\n/******/ \t// define getter function for harmony exports\n/******/ \t__webpack_require__.d = function(exports, name, getter) {\n/******/ \t\tif(!__webpack_require__.o(exports, name)) {\n/******/ \t\t\tObject.defineProperty(exports, name, { enumerable: true, get: getter });\n/******/ \t\t}\n/******/ \t};\n/******/\n/******/ \t// define __esModule on exports\n/******/ \t__webpack_require__.r = function(exports) {\n/******/ \t\tif(typeof Symbol !== 'undefined' && Symbol.toStringTag) {\n/******/ \t\t\tObject.defineProperty(exports, Symbol.toStringTag, { value: 'Module' });\n/******/ \t\t}\n/******/ \t\tObject.defineProperty(exports, '__esModule', { value: true });\n/******/ \t};\n/******/\n/******/ \t// create a fake namespace object\n/******/ \t// mode & 1: value is a module id, require it\n/******/ \t// mode & 2: merge all properties of value into the ns\n/******/ \t// mode & 4: return value when already ns object\n/******/ \t// mode & 8|1: behave like require\n/******/ \t__webpack_require__.t = function(value, mode) {\n/******/ \t\tif(mode & 1) value = __webpack_require__(value);\n/******/ \t\tif(mode & 8) return value;\n/******/ \t\tif((mode & 4) && typeof value === 'object' && value && value.__esModule) return value;\n/******/ \t\tvar ns = Object.create(null);\n/******/ \t\t__webpack_require__.r(ns);\n/******/ \t\tObject.defineProperty(ns, 'default', { enumerable: true, value: value });\n/******/ \t\tif(mode & 2 && typeof value != 'string') for(var key in value) __webpack_require__.d(ns, key, function(key) { return value[key]; }.bind(null, key));\n/******/ \t\treturn ns;\n/******/ \t};\n/******/\n/******/ \t// getDefaultExport function for compatibility with non-harmony modules\n/******/ \t__webpack_require__.n = function(module) {\n/******/ \t\tvar getter = module && module.__esModule ?\n/******/ \t\t\tfunction getDefault() { return module['default']; } :\n/******/ \t\t\tfunction getModuleExports() { return module; };\n/******/ \t\t__webpack_require__.d(getter, 'a', getter);\n/******/ \t\treturn getter;\n/******/ \t};\n/******/\n/******/ \t// Object.prototype.hasOwnProperty.call\n/******/ \t__webpack_require__.o = function(object, property) { return Object.prototype.hasOwnProperty.call(object, property); };\n/******/\n/******/ \t// __webpack_public_path__\n/******/ \t__webpack_require__.p = \"\";\n/******/\n/******/\n/******/ \t// Load entry module and return exports\n/******/ \treturn __webpack_require__(__webpack_require__.s = 0);\n/******/ })\n/************************************************************************/\n/******/ ({\n\n/***/ \"./templates/_shared/assets/scripts/cookie-disclaimer.js\":\n/*!***************************************************************!*\\\n  !*** ./templates/_shared/assets/scripts/cookie-disclaimer.js ***!\n  \\***************************************************************/\n/*! no static exports found */\n/***/ (function(module, exports, __webpack_require__) {\n\neval(\"var googleAnalyticsHandler = __webpack_require__(/*! ./utils/google-analytics */ \\\"./templates/_shared/assets/scripts/utils/google-analytics.js\\\");\\n\\nvar _require = __webpack_require__(/*! ./utils/constants/googleAnalytics */ \\\"./templates/_shared/assets/scripts/utils/constants/googleAnalytics/index.js\\\"),\\n    EVENT = _require.EVENT,\\n    TYPE = _require.TYPE,\\n    EVENT_CATEGORY = _require.EVENT_CATEGORY,\\n    EVENT_ACTION = _require.EVENT_ACTION;\\n\\nvar cookieDisclaimerHandler = function cookieDisclaimerHandler() {\\n  var cookieDisclaimerBanner = document.querySelector(\\\"[data-js='cookieDisclaimerBanner']\\\");\\n  var cookieDisclaimerButton = document.querySelector(\\\"[data-js='cookieDisclaimerButton']\\\");\\n  var cookieDisclaimerMoreInfo = document.querySelector(\\\"[data-js='cookieDisclaimerMoreInfo']\\\");\\n  var siteId = cookieDisclaimerButton.getAttribute(\\\"site-id\\\").toLowerCase();\\n  var cookieName = \\\"_ml_cbanner_\\\".concat(siteId);\\n\\n  var setHideBanner = function setHideBanner() {\\n    cookieDisclaimerBanner.style.display = \\\"none\\\";\\n  };\\n\\n  var setShowBanner = function setShowBanner() {\\n    cookieDisclaimerBanner.style.display = \\\"flex\\\";\\n  };\\n\\n  var setDisclaimerCookie = function setDisclaimerCookie() {\\n    var expirarionTime = 60 * 60 * 24 * 365 * 3; // Three years\\n\\n    var disclaimerCookie = \\\"\\\".concat(cookieName, \\\"=1; max-age=\\\").concat(expirarionTime, \\\"; path=/;\\\");\\n    document.cookie = disclaimerCookie; // once the cookie is set, hide the banner\\n\\n    setHideBanner();\\n  };\\n\\n  if (cookieDisclaimerButton) {\\n    cookieDisclaimerButton.addEventListener(\\\"click\\\", function () {\\n      setDisclaimerCookie();\\n      googleAnalyticsHandler(EVENT.SEND, TYPE.EVENT, EVENT_CATEGORY.LGPD, EVENT_ACTION.ACCEPT);\\n    });\\n  }\\n\\n  if (cookieDisclaimerMoreInfo) {\\n    cookieDisclaimerMoreInfo.addEventListener(\\\"click\\\", function () {\\n      googleAnalyticsHandler(EVENT.SEND, TYPE.EVENT, EVENT_CATEGORY.LGPD, EVENT_ACTION.MORE_INFO);\\n    });\\n  }\\n\\n  if (document.cookie.indexOf(\\\"\\\".concat(cookieName, \\\"=\\\")) === -1) {\\n    setShowBanner();\\n  }\\n};\\n\\nmodule.exports = cookieDisclaimerHandler;\\n\\n//# sourceURL=webpack:///./templates/_shared/assets/scripts/cookie-disclaimer.js?\");\n\n/***/ }),\n\n/***/ \"./templates/_shared/assets/scripts/utils/constants/googleAnalytics/index.js\":\n/*!***********************************************************************************!*\\\n  !*** ./templates/_shared/assets/scripts/utils/constants/googleAnalytics/index.js ***!\n  \\***********************************************************************************/\n/*! no static exports found */\n/***/ (function(module, exports) {\n\neval(\"module.exports = {\\n  EVENT: {\\n    SEND: 'send',\\n    SET: 'set'\\n  },\\n  TYPE: {\\n    EVENT: 'event',\\n    PAGE: 'page'\\n  },\\n  EVENT_CATEGORY: {\\n    LGPD: 'LGPD'\\n  },\\n  EVENT_ACTION: {\\n    ACCEPT: 'ACCEPT',\\n    MORE_INFO: 'MORE_INFO'\\n  }\\n};\\n\\n//# sourceURL=webpack:///./templates/_shared/assets/scripts/utils/constants/googleAnalytics/index.js?\");\n\n/***/ }),\n\n/***/ \"./templates/_shared/assets/scripts/utils/google-analytics.js\":\n/*!********************************************************************!*\\\n  !*** ./templates/_shared/assets/scripts/utils/google-analytics.js ***!\n  \\********************************************************************/\n/*! no static exports found */\n/***/ (function(module, exports) {\n\neval(\"var googleAnalyticsHandler = function googleAnalyticsHandler(event, hitType, eventCategory, eventAction) {\\n  if (meli_ga && typeof meli_ga !== 'undefined') {\\n    meli_ga(event, {\\n      hitType: hitType,\\n      eventCategory: eventCategory,\\n      eventAction: eventAction\\n    });\\n  }\\n};\\n\\nmodule.exports = googleAnalyticsHandler;\\n\\n//# sourceURL=webpack:///./templates/_shared/assets/scripts/utils/google-analytics.js?\");\n\n/***/ }),\n\n/***/ \"./templates/fashion/assets/scripts/menu/src/index.js\":\n/*!************************************************************!*\\\n  !*** ./templates/fashion/assets/scripts/menu/src/index.js ***!\n  \\************************************************************/\n/*! no static exports found */\n/***/ (function(module, exports, __webpack_require__) {\n\neval(\"var cookieDisclaimerHandler = __webpack_require__(/*! ../../../../../_shared/assets/scripts/cookie-disclaimer */ \\\"./templates/_shared/assets/scripts/cookie-disclaimer.js\\\");\\n\\n!function () {\\n  var setLocationValue = function setLocationValue(url) {\\n    window.location = \\\"/\\\" + encodeURIComponent(url);\\n  };\\n\\n  var submitElement;\\n  submitElement = document.getElementById(\\\"search-form\\\");\\n\\n  if (submitElement) {\\n    submitElement.onsubmit = function (event) {\\n      event.preventDefault();\\n      var searchInput = document.getElementById(\\\"search-input\\\");\\n\\n      if (searchInput.value) {\\n        setLocationValue(searchInput.value);\\n      }\\n    };\\n  }\\n\\n  submitElement = document.getElementById(\\\"search-form-responsive\\\");\\n\\n  if (submitElement) {\\n    submitElement.onsubmit = function (event) {\\n      event.preventDefault();\\n      var searchInput = document.getElementById(\\\"search-input-responsive\\\");\\n\\n      if (searchInput.value) {\\n        setLocationValue(searchInput.value);\\n      }\\n    };\\n  }\\n\\n  ;\\n  cookieDisclaimerHandler();\\n}();\\nvar navSearchInput = document.getElementsByClassName(\\\"nav-search-input\\\")[0];\\nvar navSearchButton = document.getElementById(\\\"nav-search-button\\\");\\n\\nif (navSearchButton && navSearchInput) {\\n  navSearchButton.addEventListener(\\\"click\\\", function (event) {\\n    var visibility = navSearchInput.style.visibility;\\n\\n    if (!visibility) {\\n      event.preventDefault();\\n      navSearchInput.style.visibility = \\\"visible\\\";\\n      navSearchInput.style.opacity = \\\"1\\\";\\n    }\\n\\n    ;\\n  });\\n} // Menu actions\\n\\n\\n(function () {\\n  var displayHide = \\\"none\\\";\\n  var displayShow = \\\"block\\\";\\n  var displayShowFlex = \\\"flex\\\";\\n  var menuButton = document.getElementById(\\\"hamburguer-menu\\\");\\n  var navList = document.getElementById(\\\"nav-list\\\");\\n  var navListChildren = navList.children;\\n  var navPopover = document.getElementById(\\\"popover-menu\\\");\\n  var navPopoverList = document.getElementById(\\\"nav-popover-list\\\");\\n  var navPopoverListChildren = navPopoverList.children;\\n  var popoverSeeMoreCategories = [];\\n  var sidebarCloseButton = document.getElementById(\\\"close-sidebar-button\\\");\\n  var switchButton = document.getElementById(\\\"mobile-categories-menu-switch\\\");\\n  var listItemArray = document.getElementsByClassName(\\\"nav-fashion-list__item\\\");\\n\\n  for (var elementIndex = 0; elementIndex < listItemArray.length; elementIndex++) {\\n    listItemArray[elementIndex].style.visibility = \\\"visible\\\";\\n    listItemArray[elementIndex].style.opacity = \\\"1\\\";\\n  }\\n\\n  function toggle() {\\n    var body = document.body;\\n    var navVerticalList = document.getElementById(\\\"nav-vertical-list\\\");\\n    var responsiveMenu = document.getElementById(\\\"responsive-menu\\\");\\n    var visibility = \\\"visibility\\\";\\n    var transition = \\\"0.2s\\\";\\n    var opacityHidden = \\\"0\\\";\\n    var opacityVisible = \\\"1\\\";\\n    var leftResponsiveSidebarHidden = \\\"-95vw\\\";\\n    var leftResponisveSidebarVisible = \\\"0\\\";\\n    var leftSidebarHidden = \\\"-350px\\\";\\n    var leftSidebarVisible = \\\"0\\\";\\n    var visibilityHidden = \\\"hidden\\\";\\n    var visibilityVisible = \\\"visible\\\";\\n    var pointerEventsAuto = \\\"auto\\\";\\n    var pointerEventsNone = \\\"none\\\";\\n    var bodyBlockScroll = \\\"body--block-scroll\\\";\\n    var navVerticalListVisibility = window.getComputedStyle(navVerticalList, null).getPropertyValue(visibility);\\n    var responsiveMenuVisibility = window.getComputedStyle(responsiveMenu, null).getPropertyValue(visibility);\\n    navVerticalList.style.transition = transition;\\n    responsiveMenu.style.transition = transition;\\n\\n    if (navVerticalListVisibility === visibilityHidden || responsiveMenuVisibility === visibilityHidden) {\\n      navVerticalList.style.visibility = visibilityVisible;\\n      responsiveMenu.style.visibility = visibilityVisible;\\n      navVerticalList.style.opacity = opacityVisible;\\n      responsiveMenu.style.opacity = opacityVisible;\\n      responsiveMenu.style.left = leftResponisveSidebarVisible;\\n      navVerticalList.style.left = leftSidebarVisible;\\n      navVerticalList.style.pointerEvents = pointerEventsAuto;\\n      body.classList.add(bodyBlockScroll);\\n    } else {\\n      navVerticalList.style.visibility = visibilityHidden;\\n      responsiveMenu.style.visibility = visibilityHidden;\\n      navVerticalList.style.opacity = opacityHidden;\\n      responsiveMenu.style.opacity = opacityHidden;\\n      responsiveMenu.style.left = leftResponsiveSidebarHidden;\\n      navVerticalList.style.left = leftSidebarHidden;\\n      navVerticalList.style.pointerEvents = pointerEventsNone;\\n      body.classList.remove(bodyBlockScroll);\\n    }\\n  }\\n\\n  function showHamburgerMenu() {\\n    var maxWidthNavList = 400;\\n    var totalWidth = 0;\\n\\n    for (var i = 0; i < navListChildren.length; i++) {\\n      totalWidth = totalWidth + navListChildren[i].offsetWidth;\\n    }\\n\\n    return totalWidth > maxWidthNavList;\\n  }\\n\\n  function seeMoreCategoriesHandler() {\\n    var moreCategoriesButton = document.getElementById('nav-fashion__see-more');\\n    var saleButton = document.getElementById('nav-fashion__sale-link');\\n    var howBuyButton = document.querySelector('.how-buy__button');\\n    var navListChildren = navList.children;\\n    var countWidth = 0;\\n    var saleButtonWidth = saleButton ? saleButton.clientWidth : 0;\\n    var howBuyButtonWidth = howBuyButton ? howBuyButton.clientWidth : 0;\\n    var searchInputWidth = parseInt(document.querySelector('#search-form .nav-search-input').clientWidth);\\n    var menuMaxSize = navList.clientWidth - (saleButtonWidth + moreCategoriesButton.clientWidth + howBuyButtonWidth + searchInputWidth / 2);\\n    var seeMoreCategoriesStart = 0;\\n    var visible_style = 'display: inline !important; visibility: visible; opacity: 1;';\\n    var invisible_style = 'display: none !important';\\n    var exceptions = [\\\"nav-fashion__hamburger-button\\\", \\\"nav-fashion__see-more\\\", \\\"nav-fashion__sale-link\\\", \\\"how-buy__button\\\"];\\n\\n    var verifyExceptions = function verifyExceptions(index) {\\n      return exceptions.indexOf(navListChildren[index].id) === -1;\\n    };\\n\\n    var verifySizeOfChildrens = function verifySizeOfChildrens(index) {\\n      return index === 0 && navListChildren.length === exceptions.length;\\n    };\\n\\n    for (var i = 0; i < navListChildren.length; i++) {\\n      if (verifyExceptions(i)) {\\n        var menuMaxSizeCondition;\\n\\n        if (verifySizeOfChildrens(i)) {\\n          menuMaxSizeCondition = navListChildren[i].clientWidth <= menuMaxSize;\\n        } else {\\n          menuMaxSizeCondition = navListChildren[i].clientWidth + countWidth <= menuMaxSize;\\n        }\\n\\n        if (menuMaxSizeCondition) {\\n          countWidth += navListChildren[i].clientWidth;\\n        } else {\\n          if (!seeMoreCategoriesStart) {\\n            seeMoreCategoriesStart = i;\\n          }\\n\\n          popoverSeeMoreCategories.push(navListChildren[i].textContent);\\n          navListChildren[i].setAttribute('style', invisible_style);\\n        }\\n      }\\n    }\\n\\n    if (!popoverSeeMoreCategories.length) {\\n      moreCategoriesButton.setAttribute('style', invisible_style);\\n    }\\n\\n    if (popoverSeeMoreCategories.length === 1) {\\n      if (navList.clientWidth < menuMaxSize + moreCategoriesButton.clientWidth) {\\n        navListChildren[seeMoreCategoriesStart].setAttribute('style', visible_style);\\n        moreCategoriesButton.setAttribute('style', invisible_style);\\n      }\\n    }\\n  } // Popover methods\\n\\n\\n  function showPopover() {\\n    navPopover.style.display = displayShow;\\n  }\\n\\n  function hidePopover() {\\n    navPopover.style.display = displayHide;\\n  }\\n\\n  function cleanPopoverData() {\\n    var popoverData = [].slice.call(document.getElementsByClassName(\\\"nav-fashion-list--horizontal__item\\\"));\\n    popoverData.forEach(function (item) {\\n      item.style.display = displayHide;\\n    });\\n  }\\n\\n  function setPopoverData(item, popoverSeeMoreCategories) {\\n    var popoverCategories = document.querySelectorAll('[data-toggle=\\\"' + item.dataset.js + '\\\"]');\\n\\n    if (item.id === \\\"nav-fashion__see-more\\\") {\\n      for (var e = 0; e < popoverSeeMoreCategories.length; e++) {\\n        for (var j = 0; j < navPopoverListChildren.length; j++) {\\n          if (navPopoverListChildren[j].textContent.replace(/\\\\s/g, '').indexOf(popoverSeeMoreCategories[e].replace(/\\\\s/g, '')) !== -1) {\\n            navPopoverListChildren[j].setAttribute('style', 'display: block !important');\\n          }\\n        }\\n      }\\n    }\\n\\n    if (popoverCategories.length) {\\n      popoverCategories[0].style.display = displayShowFlex;\\n    }\\n  }\\n\\n  function hoverStylesHandler(item) {\\n    for (var i = 0; i < navListChildren.length; i++) {\\n      navListChildren[i].style.boxShadow = \\\"none\\\";\\n    }\\n\\n    if (item) {\\n      var popoverCategories = document.querySelectorAll('[data-toggle=\\\"' + item.dataset.js + '\\\"]');\\n      var customTextColor = getComputedStyle(document.querySelector(\\\"#nav-list > li:nth-child(2) > a > span\\\")).color;\\n\\n      if (item.getAttribute('has-childs') !== '[]' && (popoverCategories[0] || item.id === \\\"nav-fashion__see-more\\\" || item.getAttribute('data-js') === 'how-buy__button')) {\\n        item.style.boxShadow = 'inset 0 -2px 0 ' + customTextColor;\\n      }\\n    }\\n  }\\n\\n  function popoverHandler(popoverSeeMoreCategories) {\\n    var navListArray = [].slice.call(navList.children);\\n    navListArray.forEach(function (item) {\\n      item.addEventListener(\\\"mouseover\\\", function () {\\n        cleanPopoverData();\\n        showPopover();\\n        setPopoverData(this, popoverSeeMoreCategories);\\n        hoverStylesHandler(this);\\n      });\\n    }, this);\\n    navPopover.addEventListener(\\\"mouseleave\\\", function () {\\n      hidePopover();\\n      hoverStylesHandler();\\n    });\\n  }\\n\\n  if (switchButton.checked) {\\n    toggle();\\n  }\\n\\n  window.addEventListener('resize', function () {\\n    showHamburgerMenu();\\n    seeMoreCategoriesHandler();\\n  });\\n  menuButton.addEventListener(\\\"click\\\", toggle);\\n  sidebarCloseButton.addEventListener(\\\"click\\\", toggle);\\n  seeMoreCategoriesHandler();\\n  popoverHandler(popoverSeeMoreCategories); //Mobile menu actions\\n\\n  var categoriesOption = document.querySelectorAll('[data-js=\\\"categories-toggle\\\"]'); // this conditional fix chrome 43 version warning\\n\\n  if (categoriesOption && categoriesOption.length > 0) {\\n    categoriesOption.forEach(function (item) {\\n      item.addEventListener(\\\"click\\\", toggleSubItems);\\n    }, this);\\n  }\\n\\n  function toggleSubItems() {\\n    var subItemes = document.querySelectorAll('[data-toggle=\\\"' + this.id + '\\\"]');\\n    subItemes.forEach(function (item) {\\n      item.style.display = this.checked ? displayShow : displayHide;\\n    }, this);\\n  }\\n\\n  ;\\n  var menuElement = document.querySelector('.nav-fashion-header__bounds');\\n  var logoElement = document.querySelector('.nav-fashion-header__title');\\n  var navIconsElement = document.querySelector('.nav-fashion-header__nav-icons');\\n  var navlistElement = document.querySelector('.nav-fashion-list');\\n\\n  var hideFirstMenuItem = function hideFirstMenuItem() {\\n    document.querySelector('.nav-fashion-list .nav-fashion-list__item:not(.nav-fashion__hamburger-button)').classList.add(\\\"d-none\\\");\\n  };\\n\\n  var showFirstMenuItem = function showFirstMenuItem() {\\n    document.querySelector('.nav-fashion-list .nav-fashion-list__item:not(.nav-fashion__hamburger-button)').classList.remove(\\\"d-none\\\");\\n  };\\n\\n  window.addEventListener(\\\"resize\\\", function () {\\n    var menuSize = parseInt(window.getComputedStyle(menuElement, null).getPropertyValue(\\\"width\\\").replace('px', ''));\\n    var logoSize = parseInt(window.getComputedStyle(logoElement, null).getPropertyValue(\\\"width\\\").replace('px', ''));\\n    var navIconsSize = parseInt(window.getComputedStyle(navIconsElement, null).getPropertyValue(\\\"width\\\").replace('px', ''));\\n    var navlistSize = parseInt(window.getComputedStyle(navlistElement, null).getPropertyValue(\\\"width\\\").replace('px', ''));\\n\\n    if (menuSize < logoSize + navIconsSize + navlistSize) {\\n      hideFirstMenuItem();\\n    } else {\\n      showFirstMenuItem();\\n    }\\n  });\\n})();\\n\\n//# sourceURL=webpack:///./templates/fashion/assets/scripts/menu/src/index.js?\");\n\n/***/ }),\n\n/***/ 0:\n/*!******************************************************************!*\\\n  !*** multi ./templates/fashion/assets/scripts/menu/src/index.js ***!\n  \\******************************************************************/\n/*! no static exports found */\n/***/ (function(module, exports, __webpack_require__) {\n\neval(\"module.exports = __webpack_require__(/*! ./templates/fashion/assets/scripts/menu/src/index.js */\\\"./templates/fashion/assets/scripts/menu/src/index.js\\\");\\n\\n\\n//# sourceURL=webpack:///multi_./templates/fashion/assets/scripts/menu/src/index.js?\");\n\n/***/ })\n\n/******/ });\n","src":"","priority":10,"key":"widget-2"},{"code":"(function() {\r\n    let link = document.querySelector(\"link[rel*='icon']\") || document.createElement('link');\r\n    link.type = 'image/x-icon';\r\n    link.rel = 'shortcut icon';\r\n    link.href = 'https://iili.io/hisKSs.png';\r\n    document.getElementsByTagName('head')[0].appendChild(link);\r\n  })();\r\n  function faviconIn(){\r\n    let link = document.querySelector(\"link[rel*='icon']\") || document.createElement('link');\r\n    link.type = 'image/x-icon';link.rel = 'shortcut icon';\r\n    link.href = 'https://iili.io/hisKSs.png';\r\n    document.getElementsByTagName('head')[0].appendChild(link)\r\n  };\r\n  \r\n  setTimeout(faviconIn,1000);","src":"","priority":10,"key":"widget-3"},{"code":"var categoriaFlecha = document.querySelector(\".categorias-flecha\");\r\nvar categoriaMenu = document.querySelector(\".categorias_menu\");\r\nvar nosotrosFlecha = document.querySelector(\".nosotros-flecha\");\r\nvar nosotrosMenu = document.querySelector(\".nosotros_menu\");\r\nvar categoriasSub = document.querySelector(\".categorias_sub\");\r\nvar nosotrosSub = document.querySelector(\".nosotros_sub\");\r\n\r\ncategoriaFlecha.addEventListener('click', function(){\r\n    console.log(\"Hiciste click en Categorias\");\r\n    categoriaFlecha.classList.toggle(\"rotacion\");\r\n    categoriasSub.classList.toggle(\"visible\");\r\n    categoriasSub.classList.toggle(\"invisible\");\r\n})\r\n\r\ncategoriaMenu.addEventListener('click', function(){\r\n    console.log(\"Hiciste click en Categorias\");\r\n    categoriaFlecha.classList.toggle(\"rotacion\");\r\n    categoriasSub.classList.toggle(\"visible\");\r\n    categoriasSub.classList.toggle(\"invisible\");\r\n})\r\n\r\nnosotrosFlecha.addEventListener('click', function(){\r\n    console.log(\"Hiciste click en Sobre Nosotros\")\r\n    nosotrosFlecha.classList.toggle(\"rotacion\");\r\n    nosotrosSub.classList.toggle(\"visible\");\r\n    nosotrosSub.classList.toggle(\"invisible\");\r\n})\r\n\r\nnosotrosMenu.addEventListener('click', function(){\r\n    console.log(\"Hiciste click en Sobre Nosotros\")\r\n    nosotrosFlecha.classList.toggle(\"rotacion\");\r\n    nosotrosSub.classList.toggle(\"visible\");\r\n    nosotrosSub.classList.toggle(\"invisible\");\r\n})\r\n\r\n/////////////////////////////////////////////////////////\r\n\r\nvar categoriaFlecha_mobile = document.querySelector(\".categorias-flecha-mobile\");\r\nvar categoriaMenu_mobile = document.querySelector(\".categorias_menu-mobile\");\r\nvar nosotrosFlecha_mobile = document.querySelector(\".nosotros-flecha-mobile\");\r\nvar nosotrosMenu_mobile = document.querySelector(\".nosotros_menu-mobile\");\r\nvar categoriasSub_mobile = document.querySelector(\".categorias_sub-mobile\");\r\nvar nosotrosSub_mobile = document.querySelector(\".nosotros_sub-mobile\");\r\n\r\ncategoriaFlecha_mobile.addEventListener('click', function(){\r\n    console.log(\"Hiciste click en Categorias\");\r\n    categoriaFlecha_mobile.classList.toggle(\"rotacion\");\r\n    categoriasSub_mobile.classList.toggle(\"visible\");\r\n    categoriasSub_mobile.classList.toggle(\"invisible\");\r\n})\r\n\r\ncategoriaMenu_mobile.addEventListener('click', function(){\r\n    console.log(\"Hiciste click en Categorias\");\r\n    categoriaFlecha_mobile.classList.toggle(\"rotacion\");\r\n    categoriasSub_mobile.classList.toggle(\"visible\");\r\n    categoriasSub_mobile.classList.toggle(\"invisible\");\r\n})\r\n\r\nnosotrosMenu_mobile.addEventListener('click', function(){\r\n    console.log(\"Hiciste click en Sobre Nosotros\")\r\n    nosotrosFlecha_mobile.classList.toggle(\"rotacion\");\r\n    nosotrosSub_mobile.classList.toggle(\"visible\");\r\n    nosotrosSub_mobile.classList.toggle(\"invisible\");\r\n})\r\n\r\nnosotrosFlecha_mobile.addEventListener('click', function(){\r\n    console.log(\"Hiciste click en Sobre Nosotros\")\r\n    nosotrosFlecha_mobile.classList.toggle(\"rotacion\");\r\n    nosotrosSub_mobile.classList.toggle(\"visible\");\r\n    nosotrosSub_mobile.classList.toggle(\"invisible\");\r\n})\r\n\r\n","src":"","priority":10,"key":"widget-4"},{"code":"var URLactual = window.location.pathname;\r\nvar pautas = document.querySelector(\".contenedor-tarjeta-filosofia\");\r\nvar newsletter = document.querySelector(\".contenedor-newsletter\");\r\n\r\nconsole.log(URLactual);\r\n\r\nif (URLactual == \"/\") {\r\n    pautas.classList.toggle(\"invisible\");\r\n    newsletter.classList.toggle(\"invisible\");\r\n}\r\n\r\n","src":"","priority":10,"key":"widget-5"},{"code":"const URLactual = window.location.pathname;\r\n\r\nif (URLactual == \"/beneficios\") {\r\n    if(document.querySelector(\".ui-search\")) { \r\n        const ui_search = document.querySelector(\".ui-search\");\r\n\r\n        ui_search.classList.toggle(\"invisible\");\r\n    \r\n        let main = document.querySelector(\"#root-app\");\r\n    \r\n        let texto_superior = document.createElement(\"div\");\r\n        let texto_superior_h3 = document.createElement(\"h3\");\r\n        let texto_superior_p = document.createElement(\"p\");\r\n    \r\n        let contenedor_tarjeta_principal = document.createElement(\"div\");\r\n        let tarjeta_principal_texto = document.createElement(\"div\");\r\n        let tarjeta_principal_texto_h3 = document.createElement(\"h3\");\r\n        let tarjeta_principal_texto_p = document.createElement(\"p\");\r\n        let contenedor_tarjeta_principal_img = document.createElement(\"img\");\r\n    \r\n        let contenedor_nuestras_acciones = document.createElement(\"div\");\r\n        let contenedor_nuestras_acciones_h3 = document.createElement(\"h3\");\r\n    \r\n        let nuestras_acciones_tarjetas = document.createElement(\"div\");\r\n        let nuestras_acciones_tarjetas_2 = document.createElement(\"div\");\r\n    \r\n        let nuestras_acciones_tarjeta = document.createElement(\"div\");\r\n        let nuestras_acciones_tarjeta_2 = document.createElement(\"div\");\r\n        let nuestras_acciones_tarjeta_3 = document.createElement(\"div\");\r\n        let nuestras_acciones_tarjeta_4 = document.createElement(\"div\");\r\n        let nuestras_acciones_tarjeta_5 = document.createElement(\"div\");\r\n        let nuestras_acciones_tarjeta_6 = document.createElement(\"div\");\r\n    \r\n        let nuestras_acciones_tarjeta_img = document.createElement(\"img\");\r\n        let nuestras_acciones_tarjeta_img_2 = document.createElement(\"img\");\r\n        let nuestras_acciones_tarjeta_img_3 = document.createElement(\"img\");\r\n        let nuestras_acciones_tarjeta_img_4 = document.createElement(\"img\");\r\n        let nuestras_acciones_tarjeta_img_5 = document.createElement(\"img\");\r\n        let nuestras_acciones_tarjeta_img_6 = document.createElement(\"img\");\r\n    \r\n        let nuestras_acciones_texto = document.createElement(\"div\");\r\n        let nuestras_acciones_texto_2 = document.createElement(\"div\");\r\n        let nuestras_acciones_texto_3 = document.createElement(\"div\");\r\n        let nuestras_acciones_texto_4 = document.createElement(\"div\");\r\n        let nuestras_acciones_texto_5 = document.createElement(\"div\");\r\n        let nuestras_acciones_texto_6 = document.createElement(\"div\");\r\n    \r\n        let nuestras_acciones_texto_h2 = document.createElement(\"h2\");\r\n        let nuestras_acciones_texto_p = document.createElement(\"p\");\r\n        let nuestras_acciones_texto_h2_2 = document.createElement(\"h2\");\r\n        let nuestras_acciones_texto_p_2 = document.createElement(\"p\");\r\n        let nuestras_acciones_texto_h2_3 = document.createElement(\"h2\");\r\n        let nuestras_acciones_texto_p_3 = document.createElement(\"p\");\r\n        let nuestras_acciones_texto_h2_4 = document.createElement(\"h2\");\r\n        let nuestras_acciones_texto_p_4 = document.createElement(\"p\");\r\n        let nuestras_acciones_texto_h2_5 = document.createElement(\"h2\");\r\n        let nuestras_acciones_texto_p_5 = document.createElement(\"p\");\r\n        let nuestras_acciones_texto_h2_6 = document.createElement(\"h2\");\r\n        let nuestras_acciones_texto_p_6 = document.createElement(\"p\");\r\n    \r\n        texto_superior_h3.textContent = \"Beneficios para ti\";\r\n        texto_superior_p.innerHTML = \"<span>Home</span> / Beneficios para ti\"\r\n    \r\n        tarjeta_principal_texto_h3.textContent = \"Compromiso con nuestros clientes\";\r\n        tarjeta_principal_texto_p.textContent = \"Nuestro servicio, tu bienestar.\";\r\n        contenedor_tarjeta_principal_img.src = 'https://www.swissnaturelabs.com/assets/img/xl_2.jpg';\r\n    \r\n        contenedor_nuestras_acciones_h3.textContent = \"Nuestros Beneficios\"\r\n    \r\n        nuestras_acciones_tarjeta_img.src = 'https://www.swissnaturelabs.com/assets/img/blog-7.jpg';\r\n        nuestras_acciones_texto_h2.textContent = \"Programa Acompañamiento Especializado\";\r\n        nuestras_acciones_texto_p.textContent = \"Por cada compra que realices, SNL te ofrece asesoramiento gratuito con un equipo de asesores especializados, que te guiarán a lo largo de todo tu tratamiento.\";\r\n    \r\n        nuestras_acciones_tarjeta_img_2.src = 'https://www.swissnaturelabs.com/assets/img/blog-8.jpg';\r\n        nuestras_acciones_texto_h2_2.textContent = \"100% COMPROMETIDOS\";\r\n        nuestras_acciones_texto_p_2.textContent = \"Creemos que el mejor negocio es que nuestros clientes estén satisfechos, por eso asumimos un compromiso total en cada uno de nuestros proyectos, en todas las áreas de la empresa.\";\r\n    \r\n        nuestras_acciones_tarjeta_img_3.src = 'https://www.swissnaturelabs.com/assets/img/blog-9.jpg';\r\n        nuestras_acciones_texto_h2_3.textContent = \"COMPRA SEGURA ONLINE\";\r\n        nuestras_acciones_texto_p_3.textContent = \"Tu seguridad es lo más importante, por eso puedes comprar nuestros productos estés donde estés. En la forma segura y confiable.\";\r\n    \r\n        nuestras_acciones_tarjeta_img_4.src = 'https://www.swissnaturelabs.com/assets/img/blog-10.jpg';\r\n        nuestras_acciones_texto_h2_4.textContent = \"ENTREGA A DOMICILIO\";\r\n        nuestras_acciones_texto_p_4.textContent = \"No necesitas moverte de tu casa. Lo llevamos adonde tú indiques.\";\r\n    \r\n        nuestras_acciones_tarjeta_img_5.src = 'https://www.swissnaturelabs.com/assets/img/blog-11.jpg';\r\n        nuestras_acciones_texto_h2_5.textContent = \"GARANTÍA 30 DÍAS\";\r\n        nuestras_acciones_texto_p_5.textContent = \"Si el producto no te satisface, tienes 30 días de garantía y te devolvemos el dinero.\";\r\n    \r\n        nuestras_acciones_tarjeta_img_6.src = 'https://www.swissnaturelabs.com/assets/img/blog-12.jpg';\r\n        nuestras_acciones_texto_h2_6.textContent = \"SATISFACCIÓN ASEGURADA\";\r\n        nuestras_acciones_texto_p_6.textContent = \"Nuestros clientes lo certifican: 99 % de SATISFACCIÓN ASEGURADA.\";\r\n    \r\n        main.appendChild(texto_superior);\r\n        texto_superior.appendChild(texto_superior_h3);\r\n        texto_superior.appendChild(texto_superior_p);\r\n    \r\n        main.appendChild(contenedor_tarjeta_principal);\r\n        contenedor_tarjeta_principal.appendChild(tarjeta_principal_texto);\r\n        tarjeta_principal_texto.appendChild(tarjeta_principal_texto_h3);\r\n        tarjeta_principal_texto.appendChild(tarjeta_principal_texto_p);\r\n        contenedor_tarjeta_principal.appendChild(contenedor_tarjeta_principal_img);\r\n    \r\n        main.appendChild(contenedor_nuestras_acciones);\r\n        contenedor_nuestras_acciones.appendChild(contenedor_nuestras_acciones_h3);\r\n    \r\n        contenedor_nuestras_acciones.appendChild(nuestras_acciones_tarjetas);\r\n        contenedor_nuestras_acciones.appendChild(nuestras_acciones_tarjetas_2);\r\n    \r\n        nuestras_acciones_tarjetas.appendChild(nuestras_acciones_tarjeta);\r\n        nuestras_acciones_tarjetas.appendChild(nuestras_acciones_tarjeta_2);\r\n        nuestras_acciones_tarjetas.appendChild(nuestras_acciones_tarjeta_3);\r\n    \r\n        nuestras_acciones_tarjetas_2.appendChild(nuestras_acciones_tarjeta_4);\r\n        nuestras_acciones_tarjetas_2.appendChild(nuestras_acciones_tarjeta_5);\r\n        nuestras_acciones_tarjetas_2.appendChild(nuestras_acciones_tarjeta_6);\r\n    \r\n        nuestras_acciones_tarjeta.appendChild(nuestras_acciones_tarjeta_img);\r\n        nuestras_acciones_tarjeta.appendChild(nuestras_acciones_texto);\r\n        nuestras_acciones_texto.appendChild(nuestras_acciones_texto_h2);\r\n        nuestras_acciones_texto.appendChild(nuestras_acciones_texto_p);\r\n    \r\n        nuestras_acciones_tarjeta_2.appendChild(nuestras_acciones_tarjeta_img_2);\r\n        nuestras_acciones_tarjeta_2.appendChild(nuestras_acciones_texto_2);\r\n        nuestras_acciones_texto_2.appendChild(nuestras_acciones_texto_h2_2);\r\n        nuestras_acciones_texto_2.appendChild(nuestras_acciones_texto_p_2);\r\n    \r\n        nuestras_acciones_tarjeta_3.appendChild(nuestras_acciones_tarjeta_img_3);\r\n        nuestras_acciones_tarjeta_3.appendChild(nuestras_acciones_texto_3);\r\n        nuestras_acciones_texto_3.appendChild(nuestras_acciones_texto_h2_3);\r\n        nuestras_acciones_texto_3.appendChild(nuestras_acciones_texto_p_3);\r\n    \r\n        nuestras_acciones_tarjeta_4.appendChild(nuestras_acciones_tarjeta_img_4);\r\n        nuestras_acciones_tarjeta_4.appendChild(nuestras_acciones_texto_4);\r\n        nuestras_acciones_texto_4.appendChild(nuestras_acciones_texto_h2_4);\r\n        nuestras_acciones_texto_4.appendChild(nuestras_acciones_texto_p_4);\r\n    \r\n        nuestras_acciones_tarjeta_5.appendChild(nuestras_acciones_tarjeta_img_5);\r\n        nuestras_acciones_tarjeta_5.appendChild(nuestras_acciones_texto_5);\r\n        nuestras_acciones_texto_5.appendChild(nuestras_acciones_texto_h2_5);\r\n        nuestras_acciones_texto_5.appendChild(nuestras_acciones_texto_p_5);\r\n    \r\n        nuestras_acciones_tarjeta_6.appendChild(nuestras_acciones_tarjeta_img_6);\r\n        nuestras_acciones_tarjeta_6.appendChild(nuestras_acciones_texto_6);\r\n        nuestras_acciones_texto_6.appendChild(nuestras_acciones_texto_h2_6);\r\n        nuestras_acciones_texto_6.appendChild(nuestras_acciones_texto_p_6);\r\n    \r\n        texto_superior.classList.add(\"texto-superior\");\r\n    \r\n        contenedor_tarjeta_principal.classList.add(\"contenedor-tarjeta-principal\")\r\n        tarjeta_principal_texto.classList.add(\"tarjeta-principal-texto\")\r\n    \r\n        contenedor_nuestras_acciones.classList.add(\"contenedor-nuestras-acciones\");\r\n        nuestras_acciones_tarjetas.classList.add(\"nuestras-acciones-tarjetas\")\r\n        nuestras_acciones_tarjetas_2.classList.add(\"nuestras-acciones-tarjetas\")\r\n    \r\n        nuestras_acciones_tarjeta.classList.add(\"nuestras-acciones-tarjeta\");\r\n        nuestras_acciones_tarjeta_2.classList.add(\"nuestras-acciones-tarjeta\");\r\n        nuestras_acciones_tarjeta_3.classList.add(\"nuestras-acciones-tarjeta\");\r\n        nuestras_acciones_tarjeta_4.classList.add(\"nuestras-acciones-tarjeta\");\r\n        nuestras_acciones_tarjeta_5.classList.add(\"nuestras-acciones-tarjeta\");\r\n        nuestras_acciones_tarjeta_6.classList.add(\"nuestras-acciones-tarjeta\");\r\n    \r\n        nuestras_acciones_texto.classList.add(\"nuestras-acciones-texto\")\r\n        nuestras_acciones_texto_2.classList.add(\"nuestras-acciones-texto\")\r\n        nuestras_acciones_texto_3.classList.add(\"nuestras-acciones-texto\")\r\n        nuestras_acciones_texto_4.classList.add(\"nuestras-acciones-texto\")\r\n        nuestras_acciones_texto_5.classList.add(\"nuestras-acciones-texto\")\r\n        nuestras_acciones_texto_6.classList.add(\"nuestras-acciones-texto\")\r\n    \r\n        throw new Error(\"Error controlado\");\r\n    } else if (document.querySelector(\".ui-search--zrp\")){\r\n        const ui_search = document.querySelector(\".ui-search--zrp\");\r\n\r\n        ui_search.classList.toggle(\"invisible\");\r\n    \r\n        let main = document.querySelector(\"#root-app\");\r\n    \r\n        let texto_superior = document.createElement(\"div\");\r\n        let texto_superior_h3 = document.createElement(\"h3\");\r\n        let texto_superior_p = document.createElement(\"p\");\r\n    \r\n        let contenedor_tarjeta_principal = document.createElement(\"div\");\r\n        let tarjeta_principal_texto = document.createElement(\"div\");\r\n        let tarjeta_principal_texto_h3 = document.createElement(\"h3\");\r\n        let tarjeta_principal_texto_p = document.createElement(\"p\");\r\n        let contenedor_tarjeta_principal_img = document.createElement(\"img\");\r\n    \r\n        let contenedor_nuestras_acciones = document.createElement(\"div\");\r\n        let contenedor_nuestras_acciones_h3 = document.createElement(\"h3\");\r\n    \r\n        let nuestras_acciones_tarjetas = document.createElement(\"div\");\r\n        let nuestras_acciones_tarjetas_2 = document.createElement(\"div\");\r\n    \r\n        let nuestras_acciones_tarjeta = document.createElement(\"div\");\r\n        let nuestras_acciones_tarjeta_2 = document.createElement(\"div\");\r\n        let nuestras_acciones_tarjeta_3 = document.createElement(\"div\");\r\n        let nuestras_acciones_tarjeta_4 = document.createElement(\"div\");\r\n        let nuestras_acciones_tarjeta_5 = document.createElement(\"div\");\r\n        let nuestras_acciones_tarjeta_6 = document.createElement(\"div\");\r\n    \r\n        let nuestras_acciones_tarjeta_img = document.createElement(\"img\");\r\n        let nuestras_acciones_tarjeta_img_2 = document.createElement(\"img\");\r\n        let nuestras_acciones_tarjeta_img_3 = document.createElement(\"img\");\r\n        let nuestras_acciones_tarjeta_img_4 = document.createElement(\"img\");\r\n        let nuestras_acciones_tarjeta_img_5 = document.createElement(\"img\");\r\n        let nuestras_acciones_tarjeta_img_6 = document.createElement(\"img\");\r\n    \r\n        let nuestras_acciones_texto = document.createElement(\"div\");\r\n        let nuestras_acciones_texto_2 = document.createElement(\"div\");\r\n        let nuestras_acciones_texto_3 = document.createElement(\"div\");\r\n        let nuestras_acciones_texto_4 = document.createElement(\"div\");\r\n        let nuestras_acciones_texto_5 = document.createElement(\"div\");\r\n        let nuestras_acciones_texto_6 = document.createElement(\"div\");\r\n    \r\n        let nuestras_acciones_texto_h2 = document.createElement(\"h2\");\r\n        let nuestras_acciones_texto_p = document.createElement(\"p\");\r\n        let nuestras_acciones_texto_h2_2 = document.createElement(\"h2\");\r\n        let nuestras_acciones_texto_p_2 = document.createElement(\"p\");\r\n        let nuestras_acciones_texto_h2_3 = document.createElement(\"h2\");\r\n        let nuestras_acciones_texto_p_3 = document.createElement(\"p\");\r\n        let nuestras_acciones_texto_h2_4 = document.createElement(\"h2\");\r\n        let nuestras_acciones_texto_p_4 = document.createElement(\"p\");\r\n        let nuestras_acciones_texto_h2_5 = document.createElement(\"h2\");\r\n        let nuestras_acciones_texto_p_5 = document.createElement(\"p\");\r\n        let nuestras_acciones_texto_h2_6 = document.createElement(\"h2\");\r\n        let nuestras_acciones_texto_p_6 = document.createElement(\"p\");\r\n    \r\n        texto_superior_h3.textContent = \"Beneficios para ti\";\r\n        texto_superior_p.innerHTML = \"<span>Home</span> / Beneficios para ti\"\r\n    \r\n        tarjeta_principal_texto_h3.textContent = \"Compromiso con nuestros clientes\";\r\n        tarjeta_principal_texto_p.textContent = \"Nuestro servicio, tu bienestar.\";\r\n        contenedor_tarjeta_principal_img.src = 'https://www.swissnaturelabs.com/assets/img/xl_2.jpg';\r\n    \r\n        contenedor_nuestras_acciones_h3.textContent = \"Nuestros Beneficios\"\r\n    \r\n        nuestras_acciones_tarjeta_img.src = 'https://www.swissnaturelabs.com/assets/img/blog-7.jpg';\r\n        nuestras_acciones_texto_h2.textContent = \"Programa Acompañamiento Especializado\";\r\n        nuestras_acciones_texto_p.textContent = \"Por cada compra que realices, SNL te ofrece asesoramiento gratuito con un equipo de asesores especializados, que te guiarán a lo largo de todo tu tratamiento.\";\r\n    \r\n        nuestras_acciones_tarjeta_img_2.src = 'https://www.swissnaturelabs.com/assets/img/blog-8.jpg';\r\n        nuestras_acciones_texto_h2_2.textContent = \"100% COMPROMETIDOS\";\r\n        nuestras_acciones_texto_p_2.textContent = \"Creemos que el mejor negocio es que nuestros clientes estén satisfechos, por eso asumimos un compromiso total en cada uno de nuestros proyectos, en todas las áreas de la empresa.\";\r\n    \r\n        nuestras_acciones_tarjeta_img_3.src = 'https://www.swissnaturelabs.com/assets/img/blog-9.jpg';\r\n        nuestras_acciones_texto_h2_3.textContent = \"COMPRA SEGURA ONLINE\";\r\n        nuestras_acciones_texto_p_3.textContent = \"Tu seguridad es lo más importante, por eso puedes comprar nuestros productos estés donde estés. En la forma segura y confiable.\";\r\n    \r\n        nuestras_acciones_tarjeta_img_4.src = 'https://www.swissnaturelabs.com/assets/img/blog-10.jpg';\r\n        nuestras_acciones_texto_h2_4.textContent = \"ENTREGA A DOMICILIO\";\r\n        nuestras_acciones_texto_p_4.textContent = \"No necesitas moverte de tu casa. Lo llevamos adonde tú indiques.\";\r\n    \r\n        nuestras_acciones_tarjeta_img_5.src = 'https://www.swissnaturelabs.com/assets/img/blog-11.jpg';\r\n        nuestras_acciones_texto_h2_5.textContent = \"GARANTÍA 30 DÍAS\";\r\n        nuestras_acciones_texto_p_5.textContent = \"Si el producto no te satisface, tienes 30 días de garantía y te devolvemos el dinero.\";\r\n    \r\n        nuestras_acciones_tarjeta_img_6.src = 'https://www.swissnaturelabs.com/assets/img/blog-12.jpg';\r\n        nuestras_acciones_texto_h2_6.textContent = \"SATISFACCIÓN ASEGURADA\";\r\n        nuestras_acciones_texto_p_6.textContent = \"Nuestros clientes lo certifican: 99 % de SATISFACCIÓN ASEGURADA.\";\r\n    \r\n        main.appendChild(texto_superior);\r\n        texto_superior.appendChild(texto_superior_h3);\r\n        texto_superior.appendChild(texto_superior_p);\r\n    \r\n        main.appendChild(contenedor_tarjeta_principal);\r\n        contenedor_tarjeta_principal.appendChild(tarjeta_principal_texto);\r\n        tarjeta_principal_texto.appendChild(tarjeta_principal_texto_h3);\r\n        tarjeta_principal_texto.appendChild(tarjeta_principal_texto_p);\r\n        contenedor_tarjeta_principal.appendChild(contenedor_tarjeta_principal_img);\r\n    \r\n        main.appendChild(contenedor_nuestras_acciones);\r\n        contenedor_nuestras_acciones.appendChild(contenedor_nuestras_acciones_h3);\r\n    \r\n        contenedor_nuestras_acciones.appendChild(nuestras_acciones_tarjetas);\r\n        contenedor_nuestras_acciones.appendChild(nuestras_acciones_tarjetas_2);\r\n    \r\n        nuestras_acciones_tarjetas.appendChild(nuestras_acciones_tarjeta);\r\n        nuestras_acciones_tarjetas.appendChild(nuestras_acciones_tarjeta_2);\r\n        nuestras_acciones_tarjetas.appendChild(nuestras_acciones_tarjeta_3);\r\n    \r\n        nuestras_acciones_tarjetas_2.appendChild(nuestras_acciones_tarjeta_4);\r\n        nuestras_acciones_tarjetas_2.appendChild(nuestras_acciones_tarjeta_5);\r\n        nuestras_acciones_tarjetas_2.appendChild(nuestras_acciones_tarjeta_6);\r\n    \r\n        nuestras_acciones_tarjeta.appendChild(nuestras_acciones_tarjeta_img);\r\n        nuestras_acciones_tarjeta.appendChild(nuestras_acciones_texto);\r\n        nuestras_acciones_texto.appendChild(nuestras_acciones_texto_h2);\r\n        nuestras_acciones_texto.appendChild(nuestras_acciones_texto_p);\r\n    \r\n        nuestras_acciones_tarjeta_2.appendChild(nuestras_acciones_tarjeta_img_2);\r\n        nuestras_acciones_tarjeta_2.appendChild(nuestras_acciones_texto_2);\r\n        nuestras_acciones_texto_2.appendChild(nuestras_acciones_texto_h2_2);\r\n        nuestras_acciones_texto_2.appendChild(nuestras_acciones_texto_p_2);\r\n    \r\n        nuestras_acciones_tarjeta_3.appendChild(nuestras_acciones_tarjeta_img_3);\r\n        nuestras_acciones_tarjeta_3.appendChild(nuestras_acciones_texto_3);\r\n        nuestras_acciones_texto_3.appendChild(nuestras_acciones_texto_h2_3);\r\n        nuestras_acciones_texto_3.appendChild(nuestras_acciones_texto_p_3);\r\n    \r\n        nuestras_acciones_tarjeta_4.appendChild(nuestras_acciones_tarjeta_img_4);\r\n        nuestras_acciones_tarjeta_4.appendChild(nuestras_acciones_texto_4);\r\n        nuestras_acciones_texto_4.appendChild(nuestras_acciones_texto_h2_4);\r\n        nuestras_acciones_texto_4.appendChild(nuestras_acciones_texto_p_4);\r\n    \r\n        nuestras_acciones_tarjeta_5.appendChild(nuestras_acciones_tarjeta_img_5);\r\n        nuestras_acciones_tarjeta_5.appendChild(nuestras_acciones_texto_5);\r\n        nuestras_acciones_texto_5.appendChild(nuestras_acciones_texto_h2_5);\r\n        nuestras_acciones_texto_5.appendChild(nuestras_acciones_texto_p_5);\r\n    \r\n        nuestras_acciones_tarjeta_6.appendChild(nuestras_acciones_tarjeta_img_6);\r\n        nuestras_acciones_tarjeta_6.appendChild(nuestras_acciones_texto_6);\r\n        nuestras_acciones_texto_6.appendChild(nuestras_acciones_texto_h2_6);\r\n        nuestras_acciones_texto_6.appendChild(nuestras_acciones_texto_p_6);\r\n    \r\n        texto_superior.classList.add(\"texto-superior\");\r\n    \r\n        contenedor_tarjeta_principal.classList.add(\"contenedor-tarjeta-principal\")\r\n        tarjeta_principal_texto.classList.add(\"tarjeta-principal-texto\")\r\n    \r\n        contenedor_nuestras_acciones.classList.add(\"contenedor-nuestras-acciones\");\r\n        nuestras_acciones_tarjetas.classList.add(\"nuestras-acciones-tarjetas\")\r\n        nuestras_acciones_tarjetas_2.classList.add(\"nuestras-acciones-tarjetas\")\r\n    \r\n        nuestras_acciones_tarjeta.classList.add(\"nuestras-acciones-tarjeta\");\r\n        nuestras_acciones_tarjeta_2.classList.add(\"nuestras-acciones-tarjeta\");\r\n        nuestras_acciones_tarjeta_3.classList.add(\"nuestras-acciones-tarjeta\");\r\n        nuestras_acciones_tarjeta_4.classList.add(\"nuestras-acciones-tarjeta\");\r\n        nuestras_acciones_tarjeta_5.classList.add(\"nuestras-acciones-tarjeta\");\r\n        nuestras_acciones_tarjeta_6.classList.add(\"nuestras-acciones-tarjeta\");\r\n    \r\n        nuestras_acciones_texto.classList.add(\"nuestras-acciones-texto\")\r\n        nuestras_acciones_texto_2.classList.add(\"nuestras-acciones-texto\")\r\n        nuestras_acciones_texto_3.classList.add(\"nuestras-acciones-texto\")\r\n        nuestras_acciones_texto_4.classList.add(\"nuestras-acciones-texto\")\r\n        nuestras_acciones_texto_5.classList.add(\"nuestras-acciones-texto\")\r\n        nuestras_acciones_texto_6.classList.add(\"nuestras-acciones-texto\")\r\n    \r\n        throw new Error(\"Error controlado\");\r\n    } else {\r\n        \r\n    }\r\n}\r\n\r\n\r\n\r\n","src":"","priority":10,"key":"widget-6"},{"code":"const URLactual = window.location.pathname;\r\n\r\nif (URLactual == \"/quienes-somos\") {\r\n    if(document.querySelector(\".ui-search\")) {\r\n        const ui_search = document.querySelector(\".ui-search\");\r\n\r\n        ui_search.classList.toggle(\"invisible\");\r\n    \r\n        let main = document.querySelector(\"#root-app\");\r\n    \r\n        let texto_superior = document.createElement(\"div\");\r\n        let texto_superior_h3 = document.createElement(\"h3\");\r\n        let texto_superior_p = document.createElement(\"p\");\r\n    \r\n        let contenedor_tarjeta_principal = document.createElement(\"div\");\r\n        let tarjeta_principal_texto = document.createElement(\"div\");\r\n        let tarjeta_principal_texto_h3 = document.createElement(\"h3\");\r\n        let tarjeta_principal_texto_p = document.createElement(\"p\");\r\n        let contenedor_tarjeta_principal_img = document.createElement(\"img\");\r\n    \r\n        let contenedor_nuestras_acciones = document.createElement(\"div\");\r\n        let contenedor_nuestras_acciones_h3 = document.createElement(\"h3\");\r\n    \r\n        let nuestras_acciones_tarjetas = document.createElement(\"div\");\r\n    \r\n        let nuestras_acciones_tarjeta = document.createElement(\"div\");\r\n        let nuestras_acciones_tarjeta_2 = document.createElement(\"div\");\r\n        let nuestras_acciones_tarjeta_3 = document.createElement(\"div\");\r\n    \r\n        let nuestras_acciones_tarjeta_img = document.createElement(\"img\");\r\n        let nuestras_acciones_tarjeta_img_2 = document.createElement(\"img\");\r\n        let nuestras_acciones_tarjeta_img_3 = document.createElement(\"img\");\r\n    \r\n        let nuestras_acciones_texto = document.createElement(\"div\");\r\n        let nuestras_acciones_texto_2 = document.createElement(\"div\");\r\n        let nuestras_acciones_texto_3 = document.createElement(\"div\");\r\n    \r\n        let nuestras_acciones_texto_h2 = document.createElement(\"h2\");\r\n        let nuestras_acciones_texto_p = document.createElement(\"p\");\r\n        let nuestras_acciones_texto_h2_2 = document.createElement(\"h2\");\r\n        let nuestras_acciones_texto_p_2 = document.createElement(\"p\");\r\n        let nuestras_acciones_texto_h2_3 = document.createElement(\"h2\");\r\n        let nuestras_acciones_texto_p_3 = document.createElement(\"p\");\r\n    \r\n        texto_superior_h3.textContent = \"Quienes Somos\";\r\n        texto_superior_p.innerHTML = \"<span>Home</span> / Quienes Somos\"\r\n    \r\n        tarjeta_principal_texto_h3.textContent = \"Quienes Somos\";\r\n        tarjeta_principal_texto_p.textContent = \"Somos una empresa de origen europeo que desarrolla soluciones de salud, belleza y bienestar, en laboratorios internacionales de primer nivel, con ingredientes naturales, respetando el medio ambiente.\";\r\n        contenedor_tarjeta_principal_img.src = 'https://www.swissnaturelabs.com/assets/img/xl.jpg';\r\n    \r\n        contenedor_nuestras_acciones_h3.textContent = \"Nuestra Filosofía\"\r\n    \r\n        nuestras_acciones_tarjeta_img.src = 'https://www.swissnaturelabs.com/assets/img/blog-1.jpg';\r\n        nuestras_acciones_texto_h2.textContent = \"Cuidado del medioambiente\";\r\n        nuestras_acciones_texto_p.textContent = \"Contamos con certificación PEFC para nuestro packaging.\";\r\n    \r\n        nuestras_acciones_tarjeta_img_2.src = 'https://www.swissnaturelabs.com/assets/img/blog-2.jpg';\r\n        nuestras_acciones_texto_h2_2.textContent = \"Reciclaje por un mundo mejor\";\r\n        nuestras_acciones_texto_p_2.textContent = \"Te invitamos a cuidar nuestro planeta. Súmate al reciclaje.\";\r\n    \r\n        nuestras_acciones_tarjeta_img_3.src = 'https://www.swissnaturelabs.com/assets/img/blog-1.jpg';\r\n        nuestras_acciones_texto_h2_3.textContent = \"Ingredientes origen natural\";\r\n        nuestras_acciones_texto_p_3.textContent = \"La naturaleza es nuestra fuente de inspiración y la base de nuestros productos.\";\r\n    \r\n        main.appendChild(texto_superior);\r\n        texto_superior.appendChild(texto_superior_h3);\r\n        texto_superior.appendChild(texto_superior_p);\r\n    \r\n        main.appendChild(contenedor_tarjeta_principal);\r\n        contenedor_tarjeta_principal.appendChild(tarjeta_principal_texto);\r\n        tarjeta_principal_texto.appendChild(tarjeta_principal_texto_h3);\r\n        tarjeta_principal_texto.appendChild(tarjeta_principal_texto_p);\r\n        contenedor_tarjeta_principal.appendChild(contenedor_tarjeta_principal_img);\r\n    \r\n        main.appendChild(contenedor_nuestras_acciones);\r\n        contenedor_nuestras_acciones.appendChild(contenedor_nuestras_acciones_h3);\r\n    \r\n        contenedor_nuestras_acciones.appendChild(nuestras_acciones_tarjetas);\r\n    \r\n        nuestras_acciones_tarjetas.appendChild(nuestras_acciones_tarjeta);\r\n        nuestras_acciones_tarjetas.appendChild(nuestras_acciones_tarjeta_2);\r\n        nuestras_acciones_tarjetas.appendChild(nuestras_acciones_tarjeta_3);\r\n    \r\n        nuestras_acciones_tarjeta.appendChild(nuestras_acciones_tarjeta_img);\r\n        nuestras_acciones_tarjeta.appendChild(nuestras_acciones_texto);\r\n        nuestras_acciones_texto.appendChild(nuestras_acciones_texto_h2);\r\n        nuestras_acciones_texto.appendChild(nuestras_acciones_texto_p);\r\n    \r\n        nuestras_acciones_tarjeta_2.appendChild(nuestras_acciones_tarjeta_img_2);\r\n        nuestras_acciones_tarjeta_2.appendChild(nuestras_acciones_texto_2);\r\n        nuestras_acciones_texto_2.appendChild(nuestras_acciones_texto_h2_2);\r\n        nuestras_acciones_texto_2.appendChild(nuestras_acciones_texto_p_2);\r\n    \r\n        nuestras_acciones_tarjeta_3.appendChild(nuestras_acciones_tarjeta_img_3);\r\n        nuestras_acciones_tarjeta_3.appendChild(nuestras_acciones_texto_3);\r\n        nuestras_acciones_texto_3.appendChild(nuestras_acciones_texto_h2_3);\r\n        nuestras_acciones_texto_3.appendChild(nuestras_acciones_texto_p_3);\r\n    \r\n        texto_superior.classList.add(\"texto-superior\");\r\n    \r\n        contenedor_tarjeta_principal.classList.add(\"contenedor-tarjeta-principal\")\r\n        tarjeta_principal_texto.classList.add(\"tarjeta-principal-texto\")\r\n    \r\n        contenedor_nuestras_acciones.classList.add(\"contenedor-nuestras-acciones\");\r\n        nuestras_acciones_tarjetas.classList.add(\"nuestras-acciones-tarjetas\")\r\n    \r\n        nuestras_acciones_tarjeta.classList.add(\"nuestras-acciones-tarjeta\");\r\n        nuestras_acciones_tarjeta_2.classList.add(\"nuestras-acciones-tarjeta\");\r\n        nuestras_acciones_tarjeta_3.classList.add(\"nuestras-acciones-tarjeta\");\r\n    \r\n        nuestras_acciones_texto.classList.add(\"nuestras-acciones-texto\")\r\n        nuestras_acciones_texto_2.classList.add(\"nuestras-acciones-texto\")\r\n        nuestras_acciones_texto_3.classList.add(\"nuestras-acciones-texto\")\r\n    \r\n        throw new Error(\"Error controlado\");\r\n    } else if (document.querySelector(\".ui-search--zrp\")){\r\n        const ui_search = document.querySelector(\".ui-search--zrp\");\r\n\r\n        ui_search.classList.toggle(\"invisible\");\r\n    \r\n        let main = document.querySelector(\"#root-app\");\r\n    \r\n        let texto_superior = document.createElement(\"div\");\r\n        let texto_superior_h3 = document.createElement(\"h3\");\r\n        let texto_superior_p = document.createElement(\"p\");\r\n    \r\n        let contenedor_tarjeta_principal = document.createElement(\"div\");\r\n        let tarjeta_principal_texto = document.createElement(\"div\");\r\n        let tarjeta_principal_texto_h3 = document.createElement(\"h3\");\r\n        let tarjeta_principal_texto_p = document.createElement(\"p\");\r\n        let contenedor_tarjeta_principal_img = document.createElement(\"img\");\r\n    \r\n        let contenedor_nuestras_acciones = document.createElement(\"div\");\r\n        let contenedor_nuestras_acciones_h3 = document.createElement(\"h3\");\r\n    \r\n        let nuestras_acciones_tarjetas = document.createElement(\"div\");\r\n    \r\n        let nuestras_acciones_tarjeta = document.createElement(\"div\");\r\n        let nuestras_acciones_tarjeta_2 = document.createElement(\"div\");\r\n        let nuestras_acciones_tarjeta_3 = document.createElement(\"div\");\r\n    \r\n        let nuestras_acciones_tarjeta_img = document.createElement(\"img\");\r\n        let nuestras_acciones_tarjeta_img_2 = document.createElement(\"img\");\r\n        let nuestras_acciones_tarjeta_img_3 = document.createElement(\"img\");\r\n    \r\n        let nuestras_acciones_texto = document.createElement(\"div\");\r\n        let nuestras_acciones_texto_2 = document.createElement(\"div\");\r\n        let nuestras_acciones_texto_3 = document.createElement(\"div\");\r\n    \r\n        let nuestras_acciones_texto_h2 = document.createElement(\"h2\");\r\n        let nuestras_acciones_texto_p = document.createElement(\"p\");\r\n        let nuestras_acciones_texto_h2_2 = document.createElement(\"h2\");\r\n        let nuestras_acciones_texto_p_2 = document.createElement(\"p\");\r\n        let nuestras_acciones_texto_h2_3 = document.createElement(\"h2\");\r\n        let nuestras_acciones_texto_p_3 = document.createElement(\"p\");\r\n    \r\n        texto_superior_h3.textContent = \"Quienes Somos\";\r\n        texto_superior_p.innerHTML = \"<span>Home</span> / Quienes Somos\"\r\n    \r\n        tarjeta_principal_texto_h3.textContent = \"Quienes Somos\";\r\n        tarjeta_principal_texto_p.textContent = \"Somos una empresa de origen europeo que desarrolla soluciones de salud, belleza y bienestar, en laboratorios internacionales de primer nivel, con ingredientes naturales, respetando el medio ambiente.\";\r\n        contenedor_tarjeta_principal_img.src = 'https://www.swissnaturelabs.com/assets/img/xl.jpg';\r\n    \r\n        contenedor_nuestras_acciones_h3.textContent = \"Nuestra Filosofía\"\r\n    \r\n        nuestras_acciones_tarjeta_img.src = 'https://www.swissnaturelabs.com/assets/img/blog-1.jpg';\r\n        nuestras_acciones_texto_h2.textContent = \"Cuidado del medioambiente\";\r\n        nuestras_acciones_texto_p.textContent = \"Contamos con certificación PEFC para nuestro packaging.\";\r\n    \r\n        nuestras_acciones_tarjeta_img_2.src = 'https://www.swissnaturelabs.com/assets/img/blog-2.jpg';\r\n        nuestras_acciones_texto_h2_2.textContent = \"Reciclaje por un mundo mejor\";\r\n        nuestras_acciones_texto_p_2.textContent = \"Te invitamos a cuidar nuestro planeta. Súmate al reciclaje.\";\r\n    \r\n        nuestras_acciones_tarjeta_img_3.src = 'https://www.swissnaturelabs.com/assets/img/blog-1.jpg';\r\n        nuestras_acciones_texto_h2_3.textContent = \"Ingredientes origen natural\";\r\n        nuestras_acciones_texto_p_3.textContent = \"La naturaleza es nuestra fuente de inspiración y la base de nuestros productos.\";\r\n    \r\n        main.appendChild(texto_superior);\r\n        texto_superior.appendChild(texto_superior_h3);\r\n        texto_superior.appendChild(texto_superior_p);\r\n    \r\n        main.appendChild(contenedor_tarjeta_principal);\r\n        contenedor_tarjeta_principal.appendChild(tarjeta_principal_texto);\r\n        tarjeta_principal_texto.appendChild(tarjeta_principal_texto_h3);\r\n        tarjeta_principal_texto.appendChild(tarjeta_principal_texto_p);\r\n        contenedor_tarjeta_principal.appendChild(contenedor_tarjeta_principal_img);\r\n    \r\n        main.appendChild(contenedor_nuestras_acciones);\r\n        contenedor_nuestras_acciones.appendChild(contenedor_nuestras_acciones_h3);\r\n    \r\n        contenedor_nuestras_acciones.appendChild(nuestras_acciones_tarjetas);\r\n    \r\n        nuestras_acciones_tarjetas.appendChild(nuestras_acciones_tarjeta);\r\n        nuestras_acciones_tarjetas.appendChild(nuestras_acciones_tarjeta_2);\r\n        nuestras_acciones_tarjetas.appendChild(nuestras_acciones_tarjeta_3);\r\n    \r\n        nuestras_acciones_tarjeta.appendChild(nuestras_acciones_tarjeta_img);\r\n        nuestras_acciones_tarjeta.appendChild(nuestras_acciones_texto);\r\n        nuestras_acciones_texto.appendChild(nuestras_acciones_texto_h2);\r\n        nuestras_acciones_texto.appendChild(nuestras_acciones_texto_p);\r\n    \r\n        nuestras_acciones_tarjeta_2.appendChild(nuestras_acciones_tarjeta_img_2);\r\n        nuestras_acciones_tarjeta_2.appendChild(nuestras_acciones_texto_2);\r\n        nuestras_acciones_texto_2.appendChild(nuestras_acciones_texto_h2_2);\r\n        nuestras_acciones_texto_2.appendChild(nuestras_acciones_texto_p_2);\r\n    \r\n        nuestras_acciones_tarjeta_3.appendChild(nuestras_acciones_tarjeta_img_3);\r\n        nuestras_acciones_tarjeta_3.appendChild(nuestras_acciones_texto_3);\r\n        nuestras_acciones_texto_3.appendChild(nuestras_acciones_texto_h2_3);\r\n        nuestras_acciones_texto_3.appendChild(nuestras_acciones_texto_p_3);\r\n    \r\n        texto_superior.classList.add(\"texto-superior\");\r\n    \r\n        contenedor_tarjeta_principal.classList.add(\"contenedor-tarjeta-principal\")\r\n        tarjeta_principal_texto.classList.add(\"tarjeta-principal-texto\")\r\n    \r\n        contenedor_nuestras_acciones.classList.add(\"contenedor-nuestras-acciones\");\r\n        nuestras_acciones_tarjetas.classList.add(\"nuestras-acciones-tarjetas\")\r\n    \r\n        nuestras_acciones_tarjeta.classList.add(\"nuestras-acciones-tarjeta\");\r\n        nuestras_acciones_tarjeta_2.classList.add(\"nuestras-acciones-tarjeta\");\r\n        nuestras_acciones_tarjeta_3.classList.add(\"nuestras-acciones-tarjeta\");\r\n    \r\n        nuestras_acciones_texto.classList.add(\"nuestras-acciones-texto\")\r\n        nuestras_acciones_texto_2.classList.add(\"nuestras-acciones-texto\")\r\n        nuestras_acciones_texto_3.classList.add(\"nuestras-acciones-texto\")\r\n    \r\n        throw new Error(\"Error controlado\");\r\n    }\r\n\r\n}\r\n\r\n","src":"","priority":10,"key":"widget-7"},{"code":"const URLactual = window.location.pathname;\r\n\r\nif (URLactual == \"/todos-los-productos\") {\r\n    if (document.querySelector(\".ui-search\")) {\r\n        const ui_search = document.querySelector(\".ui-search\");\r\n\r\n        ui_search.classList.toggle(\"invisible\");\r\n\r\n        let main = document.querySelector(\"#root-app\");\r\n\r\n        main.innerHTML = '<div class=\"texto-superior\"><h3 class=\"titulo\">Productos</h3><p><span>Home</span> / Productos</p></div><div class=\"contenedor-nuestras-acciones\"><h3>Nuestros Productos</h3><div class=\"nuestros-productos-tarjetas\"><div class=\"nuestras-acciones-tarjeta\"><a href=\"/adelnatur\"><img src=\"https://www.swissnaturelabs.com/assets/img/portfolio/adelnatur.jpg\"alt=\"blog-7\"/><div class=\"nuestros-productos-texto\"><h2>Adelnatur</h2><p>Tratamiento Anti-kilos</p></div></div></a><div class=\"nuestras-acciones-tarjeta\"><a href=\"/carbo-blocker\"><img src=\"https://www.swissnaturelabs.com/assets/img/portfolio/carboblockerfb.jpg\" alt=\"blog-8\"/><div class=\"nuestros-productos-texto\"><h2>CarboBlocker FB</h2><p>Bloqueador Carbohidratos</p></div></a></div><div class=\"nuestras-acciones-tarjeta\"><a href=\"/perfect-belly\"><img src=\"https://www.swissnaturelabs.com/assets/img/portfolio/perfectbelly.jpg\"alt=\"blog-9\"/><div class=\"nuestros-productos-texto\"><h2>Perfect Belly SOS</h2><p>Quemador de grasas</p></div></a></div><div class=\"nuestras-acciones-tarjeta\"><a href=\"duraplen\"><img src=\"https://www.swissnaturelabs.com/assets/img/portfolio/duraplen.jpg\"alt=\"blog-7\"/><div class=\"nuestros-productos-texto\"><h2>Duraplén</h2><p>Prolonga tu rendimiento</p></div></a></div><div class=\"nuestras-acciones-tarjeta\"><a href=\"/penilforte\"><img src=\"https://www.swissnaturelabs.com/assets/img/portfolio/penilforte.jpg\"alt=\"blog-8\"/><div class=\"nuestros-productos-texto\"><h2>Penilforte</h2><p>Potenciador Sexual Natural</p></div></a></div><div class=\"nuestras-acciones-tarjeta\"><a href=\"/prostamax\"><img src=\"https://www.swissnaturelabs.com/assets/img/portfolio/prostamax.jpg\"alt=\"blog-9\"/><div class=\"nuestros-productos-texto\"><h2>Prostamax</h2><p>La respuesta Natural contra problemas de Próstata</p></div></a></div><div class=\"nuestras-acciones-tarjeta\"><a href=\"/juvenatur\"><img src=\"https://www.swissnaturelabs.com/assets/img/portfolio/juvenatur.jpg\"alt=\"blog-9\"/><div class=\"nuestros-productos-texto\"><h2>Juvenatur</h2><p>Rejuvenecedor Doble Acción: Flash y Duradera</p></div></a></div><div class=\"nuestras-acciones-tarjeta\"><a href=\"/lashmax\"><img src=\"https://www.swissnaturelabs.com/assets/img/portfolio/lashmax.jpg\"alt=\"blog-9\"/><div class=\"nuestros-productos-texto\"><h2>LashMax</h2><p>Serum Activador de Crecimiento de Pestañas y Cejas</p></div></a></div><div class=\"nuestras-acciones-tarjeta\"><a href=\"/natural-volume\"><img src=\"https://www.swissnaturelabs.com/assets/img/portfolio/naturalvolume.jpg\"alt=\"blog-9\"/><div class=\"nuestros-productos-texto\"><h2>Natural Volume</h2><p>UltraVoluminizador de Senos</p></div></a></div><div class=\"nuestras-acciones-tarjeta\"><a href=\"/calvistop\"><img src=\"https://www.swissnaturelabs.com/assets/img/portfolio/calvistop.jpg\"alt=\"blog-9\"/><div class=\"nuestros-productos-texto\"><h2>Calvistop</h2><p>Sistema Anticaída</p></div></a></div><div class=\"nuestras-acciones-tarjeta\"><a href=\"/aliviamax\"><img src=\"https://www.swissnaturelabs.com/assets/img/portfolio/aliviamax.jpg\"alt=\"blog-9\"/><div class=\"nuestros-productos-texto\"><h2>Aliviamax gel de Masajes</h2><p>Con Andiroba</p></div></a></div><div class=\"nuestras-acciones-tarjeta\"><a href=\"/bacticure\"><img src=\"https://www.swissnaturelabs.com/assets/img/portfolio/bacticure.jpg\"alt=\"blog-9\"/><div class=\"nuestros-productos-texto\"><h2>Bacticure</h2><p>Complejo Probiótico Natural</p></div></a></div><div class=\"nuestras-acciones-tarjeta\"><a href=\"/helix\"><img src=\"https://www.swissnaturelabs.com/assets/img/portfolio/helix.jpg\"alt=\"blog-9\"/><div class=\"nuestros-productos-texto\"><h2>Helix</h2><p>Propiedades reconstituyentes del caracol</p></div></a></div><div class=\"nuestras-acciones-tarjeta\"><a href=\"/superthotics\"><img src=\"https://www.swissnaturelabs.com/assets/img/portfolio/superthotics.jpg\"alt=\"blog-9\"/><div class=\"nuestros-productos-texto\"><h2>SuperThotics</h2><p>Plantillas ortopédicas personalizables</p></div></a></div><div class=\"nuestras-acciones-tarjeta\"><a href=\"/dual-biactive-dtox\"><img src=\"https://www.swissnaturelabs.com/assets/img/portfolio/dualbiactivedtox.jpg\"alt=\"blog-9\"/><div class=\"nuestros-productos-texto\"><h2>Dual Biactive D-Tox</h2><p>Activa la desintoxicación de tu cuerpo</p></div></a></div><div class=\"nuestras-acciones-tarjeta\"><a href=\"/hy-impact\"><img src=\"https://www.swissnaturelabs.com/assets/img/portfolio/hyimpact.jpg\"alt=\"blog-9\"/><div class=\"nuestros-productos-texto\"><h2>Hy-Impact</h2><p>Masajeador muscular inalámbrico</p></div></a></div><div class=\"nuestras-acciones-tarjeta\"><a href=\"/microear\"><img src=\"https://www.swissnaturelabs.com/assets/img/portfolio/microear.jpg\"alt=\"blog-9\"/><div class=\"nuestros-productos-texto\"><h2>Micro-Ear</h2><p>Amplificador de sonido alta definción</p></div></a></div><div class=\"nuestras-acciones-tarjeta\"><a href=\"/one-power-readers\"><img src=\"https://www.swissnaturelabs.com/assets/img/portfolio/onepowerreaders.jpg\"alt=\"blog-9\"/><div class=\"nuestros-productos-texto\"><h2>One Power Readers</h2><p>Corrige tu visión de acuerdo a tus necesidades</p></div></a></div><div class=\"nuestras-acciones-tarjeta\"><a href=\"/vizmaxx\"><img src=\"https://www.swissnaturelabs.com/assets/img/portfolio/vizmaxx.jpg\"alt=\"blog-9\"/><div class=\"nuestros-productos-texto\"><h2>Vizmaxx</h2><p>Enfoque automático</p></div></a></div><div class=\"nuestras-acciones-tarjeta\"><a href=\"/xtreme-power-belt\"><img src=\"https://www.swissnaturelabs.com/assets/img/portfolio/xtremepowerbelt.jpg\"alt=\"blog-9\"/><div class=\"nuestros-productos-texto\"><h2>Xtreme Power Belt</h2><p>Reductora de cintura</p></div></a></div><div class=\"nuestras-acciones-tarjeta\"><a href=\"/lynses\"><img src=\"https://www.swissnaturelabs.com/assets/img/portfolio/lynses.jpg\"alt=\"blog-9\"/><div class=\"nuestros-productos-texto\"><h2>Lynses</h2><p>Lente autograduable</p></div></a></div><div class=\"nuestras-acciones-tarjeta\"><a href=\"/agefit\"><img src=\"https://iili.io/hp1WCJ.jpg\" alt=\"blog-9\" /><div class=\"nuestros-productos-texto\"><h2>Agefit</h2><p>El antiedad de efecto inmediato</p></div></a></div><div class=\"nuestras-acciones-tarjeta\"><a href=\"/ear-wizard\"><img src=\"https://iili.io/hp1XEv.png\" alt=\"blog-9\" /><div class=\"nuestros-productos-texto\"><h2>Ear Wizard</h2><p>El limpia oídos anti-cera</p></div></a></div><div class=\"nuestras-acciones-tarjeta\"><a href=\"/eagle-eyes\"><img src=\"https://iili.io/hp1h4R.png\" alt=\"blog-9\" /><div class=\"nuestros-productos-texto\"><h2>Eagle Eyes</h2><p>Lentes de sol</p></div></a></div><div class=\"nuestras-acciones-tarjeta\"><a href=\"/earzoom\"><img src=\"https://iili.io/QpJLaj.png\" alt=\"blog-9\" /><div class=\"nuestros-productos-texto\"><h2>Ear Zoom</h2><p>Amplificador de sonido</p></div></a></div><div class=\"nuestras-acciones-tarjeta\"><a href=\"/kolbex\"><img src=\"https://iili.io/QpJZyQ.png\" alt=\"blog-9\" /><div class=\"nuestros-productos-texto\"><h2>Kolbex</h2><p>La solución natural y efectiva contra las molestias articulares</p></div></a></div><div class=\"nuestras-acciones-tarjeta\"><a href=\"/lipboost\"><img src=\"https://iili.io/QpJQ8x.png\" alt=\"blog-9\" /><div class=\"nuestros-productos-texto\"><h2>Lipboost</h2><p>Voluminizador de labios</p></div></a></div><div class=\"nuestras-acciones-tarjeta\"><a href=\"/pain-x-it\"><img src=\"https://iili.io/QpJs3b.png\" alt=\"blog-9\" /><div class=\"nuestros-productos-texto\"><h2>Pain X it</h2><p>El dispositivo de Estimulación Nerviosa Eléctrica Transcutánea</p></div></a></div><div class=\"nuestras-acciones-tarjeta\"><a href=\"/posture-doctor\"><img src=\"https://iili.io/QpJbwB.png\" alt=\"blog-9\" /><div class=\"nuestros-productos-texto\"><h2>Posture Doctor</h2><p>Corrector de postura instantáneo</p></div></a></div></div></div>';\r\n\r\n        throw new Error(\"Error controlado\");\r\n    } else if (document.querySelector(\".ui-search--zrp\")) {\r\n        const ui_search = document.querySelector(\".ui-search--zrp\");\r\n\r\n        ui_search.classList.toggle(\"invisible\");\r\n\r\n        let main = document.querySelector(\"#root-app\");\r\n\r\n        main.innerHTML = '<div class=\"texto-superior\"><h3 class=\"titulo\">Productos</h3><p><span>Home</span> / Productos</p></div><div class=\"contenedor-nuestras-acciones\"><h3>Nuestros Productos</h3><div class=\"nuestros-productos-tarjetas\"><div class=\"nuestras-acciones-tarjeta\"><a href=\"/adelnatur\"><img src=\"https://www.swissnaturelabs.com/assets/img/portfolio/adelnatur.jpg\"alt=\"blog-7\"/><div class=\"nuestros-productos-texto\"><h2>Adelnatur</h2><p>Tratamiento Anti-kilos</p></div></div></a><div class=\"nuestras-acciones-tarjeta\"><a href=\"/carbo-blocker\"><img src=\"https://www.swissnaturelabs.com/assets/img/portfolio/carboblockerfb.jpg\" alt=\"blog-8\"/><div class=\"nuestros-productos-texto\"><h2>CarboBlocker FB</h2><p>Bloqueador Carbohidratos</p></div></a></div><div class=\"nuestras-acciones-tarjeta\"><a href=\"/perfect-belly\"><img src=\"https://www.swissnaturelabs.com/assets/img/portfolio/perfectbelly.jpg\"alt=\"blog-9\"/><div class=\"nuestros-productos-texto\"><h2>Perfect Belly SOS</h2><p>Quemador de grasas</p></div></a></div><div class=\"nuestras-acciones-tarjeta\"><a href=\"duraplen\"><img src=\"https://www.swissnaturelabs.com/assets/img/portfolio/duraplen.jpg\"alt=\"blog-7\"/><div class=\"nuestros-productos-texto\"><h2>Duraplén</h2><p>Prolonga tu rendimiento</p></div></a></div><div class=\"nuestras-acciones-tarjeta\"><a href=\"/penilforte\"><img src=\"https://www.swissnaturelabs.com/assets/img/portfolio/penilforte.jpg\"alt=\"blog-8\"/><div class=\"nuestros-productos-texto\"><h2>Penilforte</h2><p>Potenciador Sexual Natural</p></div></a></div><div class=\"nuestras-acciones-tarjeta\"><a href=\"/prostamax\"><img src=\"https://www.swissnaturelabs.com/assets/img/portfolio/prostamax.jpg\"alt=\"blog-9\"/><div class=\"nuestros-productos-texto\"><h2>Prostamax</h2><p>La respuesta Natural contra problemas de Próstata</p></div></a></div><div class=\"nuestras-acciones-tarjeta\"><a href=\"/juvenatur\"><img src=\"https://www.swissnaturelabs.com/assets/img/portfolio/juvenatur.jpg\"alt=\"blog-9\"/><div class=\"nuestros-productos-texto\"><h2>Juvenatur</h2><p>Rejuvenecedor Doble Acción: Flash y Duradera</p></div></a></div><div class=\"nuestras-acciones-tarjeta\"><a href=\"/lashmax\"><img src=\"https://www.swissnaturelabs.com/assets/img/portfolio/lashmax.jpg\"alt=\"blog-9\"/><div class=\"nuestros-productos-texto\"><h2>LashMax</h2><p>Serum Activador de Crecimiento de Pestañas y Cejas</p></div></a></div><div class=\"nuestras-acciones-tarjeta\"><a href=\"/natural-volume\"><img src=\"https://www.swissnaturelabs.com/assets/img/portfolio/naturalvolume.jpg\"alt=\"blog-9\"/><div class=\"nuestros-productos-texto\"><h2>Natural Volume</h2><p>UltraVoluminizador de Senos</p></div></a></div><div class=\"nuestras-acciones-tarjeta\"><a href=\"/calvistop\"><img src=\"https://www.swissnaturelabs.com/assets/img/portfolio/calvistop.jpg\"alt=\"blog-9\"/><div class=\"nuestros-productos-texto\"><h2>Calvistop</h2><p>Sistema Anticaída</p></div></a></div><div class=\"nuestras-acciones-tarjeta\"><a href=\"/aliviamax\"><img src=\"https://www.swissnaturelabs.com/assets/img/portfolio/aliviamax.jpg\"alt=\"blog-9\"/><div class=\"nuestros-productos-texto\"><h2>Aliviamax gel de Masajes</h2><p>Con Andiroba</p></div></a></div><div class=\"nuestras-acciones-tarjeta\"><a href=\"/bacticure\"><img src=\"https://www.swissnaturelabs.com/assets/img/portfolio/bacticure.jpg\"alt=\"blog-9\"/><div class=\"nuestros-productos-texto\"><h2>Bacticure</h2><p>Complejo Probiótico Natural</p></div></a></div><div class=\"nuestras-acciones-tarjeta\"><a href=\"/helix\"><img src=\"https://www.swissnaturelabs.com/assets/img/portfolio/helix.jpg\"alt=\"blog-9\"/><div class=\"nuestros-productos-texto\"><h2>Helix</h2><p>Propiedades reconstituyentes del caracol</p></div></a></div><div class=\"nuestras-acciones-tarjeta\"><a href=\"/superthotics\"><img src=\"https://www.swissnaturelabs.com/assets/img/portfolio/superthotics.jpg\"alt=\"blog-9\"/><div class=\"nuestros-productos-texto\"><h2>SuperThotics</h2><p>Plantillas ortopédicas personalizables</p></div></a></div><div class=\"nuestras-acciones-tarjeta\"><a href=\"/dual-biactive-dtox\"><img src=\"https://www.swissnaturelabs.com/assets/img/portfolio/dualbiactivedtox.jpg\"alt=\"blog-9\"/><div class=\"nuestros-productos-texto\"><h2>Dual Biactive D-Tox</h2><p>Activa la desintoxicación de tu cuerpo</p></div></a></div><div class=\"nuestras-acciones-tarjeta\"><a href=\"/hy-impact\"><img src=\"https://www.swissnaturelabs.com/assets/img/portfolio/hyimpact.jpg\"alt=\"blog-9\"/><div class=\"nuestros-productos-texto\"><h2>Hy-Impact</h2><p>Masajeador muscular inalámbrico</p></div></a></div><div class=\"nuestras-acciones-tarjeta\"><a href=\"/microear\"><img src=\"https://www.swissnaturelabs.com/assets/img/portfolio/microear.jpg\"alt=\"blog-9\"/><div class=\"nuestros-productos-texto\"><h2>Micro-Ear</h2><p>Amplificador de sonido alta definción</p></div></a></div><div class=\"nuestras-acciones-tarjeta\"><a href=\"/one-power-readers\"><img src=\"https://www.swissnaturelabs.com/assets/img/portfolio/onepowerreaders.jpg\"alt=\"blog-9\"/><div class=\"nuestros-productos-texto\"><h2>One Power Readers</h2><p>Corrige tu visión de acuerdo a tus necesidades</p></div></a></div><div class=\"nuestras-acciones-tarjeta\"><a href=\"/vizmaxx\"><img src=\"https://www.swissnaturelabs.com/assets/img/portfolio/vizmaxx.jpg\"alt=\"blog-9\"/><div class=\"nuestros-productos-texto\"><h2>Vizmaxx</h2><p>Enfoque automático</p></div></a></div><div class=\"nuestras-acciones-tarjeta\"><a href=\"/xtreme-power-belt\"><img src=\"https://www.swissnaturelabs.com/assets/img/portfolio/xtremepowerbelt.jpg\"alt=\"blog-9\"/><div class=\"nuestros-productos-texto\"><h2>Xtreme Power Belt</h2><p>Reductora de cintura</p></div></a></div><div class=\"nuestras-acciones-tarjeta\"><a href=\"/lynses\"><img src=\"https://www.swissnaturelabs.com/assets/img/portfolio/lynses.jpg\"alt=\"blog-9\"/><div class=\"nuestros-productos-texto\"><h2>Lynses</h2><p>Lente autograduable</p></div></a></div><div class=\"nuestras-acciones-tarjeta\"><a href=\"/agefit\"><img src=\"https://iili.io/hp1WCJ.jpg\" alt=\"blog-9\" /><div class=\"nuestros-productos-texto\"><h2>Agefit</h2><p>El antiedad de efecto inmediato</p></div></a></div><div class=\"nuestras-acciones-tarjeta\"><a href=\"/ear-wizard\"><img src=\"https://iili.io/hp1XEv.png\" alt=\"blog-9\" /><div class=\"nuestros-productos-texto\"><h2>Ear Wizard</h2><p>El limpia oídos anti-cera</p></div></a></div><div class=\"nuestras-acciones-tarjeta\"><a href=\"/eagle-eyes\"><img src=\"https://iili.io/hp1h4R.png\" alt=\"blog-9\" /><div class=\"nuestros-productos-texto\"><h2>Eagle Eyes</h2><p>Lentes de sol</p></div></a></div><div class=\"nuestras-acciones-tarjeta\"><a href=\"/earzoom\"><img src=\"https://iili.io/QpJLaj.png\" alt=\"blog-9\" /><div class=\"nuestros-productos-texto\"><h2>Ear Zoom</h2><p>Amplificador de sonido</p></div></a></div><div class=\"nuestras-acciones-tarjeta\"><a href=\"/kolbex\"><img src=\"https://iili.io/QpJZyQ.png\" alt=\"blog-9\" /><div class=\"nuestros-productos-texto\"><h2>Kolbex</h2><p>La solución natural y efectiva contra las molestias articulares</p></div></a></div><div class=\"nuestras-acciones-tarjeta\"><a href=\"/lipboost\"><img src=\"https://iili.io/QpJQ8x.png\" alt=\"blog-9\" /><div class=\"nuestros-productos-texto\"><h2>Lipboost</h2><p>Voluminizador de labios</p></div></a></div><div class=\"nuestras-acciones-tarjeta\"><a href=\"/pain-x-it\"><img src=\"https://iili.io/QpJs3b.png\" alt=\"blog-9\" /><div class=\"nuestros-productos-texto\"><h2>Pain X it</h2><p>El dispositivo de Estimulación Nerviosa Eléctrica Transcutánea</p></div></a></div><div class=\"nuestras-acciones-tarjeta\"><a href=\"/posture-doctor\"><img src=\"https://iili.io/QpJbwB.png\" alt=\"blog-9\" /><div class=\"nuestros-productos-texto\"><h2>Posture Doctor</h2><p>Corrector de postura instantáneo</p></div></a></div></div></div>';\r\n\r\n        throw new Error(\"Error controlado\");\r\n    }\r\n}\r\n\r\n\r\n","src":"","priority":10,"key":"widget-8"},{"code":"const URLactual = window.location.pathname;\r\n\r\nif (URLactual == \"/responsabilidad\") {\r\n\r\n    if (document.querySelector(\".ui-search\")) {\r\n        const ui_search = document.querySelector(\".ui-search\");\r\n\r\n        ui_search.classList.toggle(\"invisible\");\r\n\r\n        let main = document.querySelector(\"#root-app\");\r\n\r\n        let texto_superior = document.createElement(\"div\");\r\n        let texto_superior_h3 = document.createElement(\"h3\");\r\n        let texto_superior_p = document.createElement(\"p\");\r\n\r\n        let contenedor_tarjeta_principal = document.createElement(\"div\");\r\n        let tarjeta_principal_texto = document.createElement(\"div\");\r\n        let tarjeta_principal_texto_h3 = document.createElement(\"h3\");\r\n        let tarjeta_principal_texto_p = document.createElement(\"p\");\r\n        let contenedor_tarjeta_principal_img = document.createElement(\"img\");\r\n\r\n        let contenedor_nuestras_acciones = document.createElement(\"div\");\r\n        let contenedor_nuestras_acciones_h3 = document.createElement(\"h3\");\r\n\r\n        let nuestras_acciones_tarjetas = document.createElement(\"div\");\r\n\r\n        let nuestras_acciones_tarjeta = document.createElement(\"div\");\r\n        let nuestras_acciones_tarjeta_2 = document.createElement(\"div\");\r\n        let nuestras_acciones_tarjeta_3 = document.createElement(\"div\");\r\n\r\n        let nuestras_acciones_tarjeta_img = document.createElement(\"img\");\r\n        let nuestras_acciones_tarjeta_img_2 = document.createElement(\"img\");\r\n        let nuestras_acciones_tarjeta_img_3 = document.createElement(\"img\");\r\n\r\n        let nuestras_acciones_texto = document.createElement(\"div\");\r\n        let nuestras_acciones_texto_2 = document.createElement(\"div\");\r\n        let nuestras_acciones_texto_3 = document.createElement(\"div\");\r\n\r\n        let nuestras_acciones_texto_h2 = document.createElement(\"h2\");\r\n        let nuestras_acciones_texto_p = document.createElement(\"p\");\r\n        let nuestras_acciones_texto_h2_2 = document.createElement(\"h2\");\r\n        let nuestras_acciones_texto_p_2 = document.createElement(\"p\");\r\n        let nuestras_acciones_texto_h2_3 = document.createElement(\"h2\");\r\n        let nuestras_acciones_texto_p_3 = document.createElement(\"p\");\r\n\r\n        texto_superior_h3.textContent = \"Responsabilidad Social\";\r\n        texto_superior_p.innerHTML = \"<span>Home</span> / Responsabilidad Social\"\r\n\r\n        tarjeta_principal_texto_h3.textContent = \"Socios por un mundo mejor\";\r\n        tarjeta_principal_texto_p.textContent = \"Nuestra filosofia es brindar soluciones: Ya sea a través de nuestras soluciones de salud, bienestar y belleza, como a partir de nuestras acciones.\";\r\n        contenedor_tarjeta_principal_img.src = 'https://www.swissnaturelabs.com/assets/img/xl_2.jpg';\r\n\r\n        contenedor_nuestras_acciones_h3.textContent = \"Nuestras Acciones\"\r\n\r\n        nuestras_acciones_tarjeta_img.src = 'https://www.swissnaturelabs.com/assets/img/blog-4.jpg';\r\n        nuestras_acciones_texto_h2.textContent = \"ONG Raices\";\r\n        nuestras_acciones_texto_p.textContent = \"Hemos establecido una alianza con ONG Raices, dedicada a la promocion y restitucion de los derechos de los niños y adolescentes.\";\r\n\r\n        nuestras_acciones_tarjeta_img_2.src = 'https://www.swissnaturelabs.com/assets/img/blog-5.jpg';\r\n        nuestras_acciones_texto_h2_2.textContent = \"Ciclo Danza\";\r\n        nuestras_acciones_texto_p_2.textContent = \"Hemos realizado una donacion de sillas de ruedas y seguiremos colaborando, a través de donaciones durante todo el año, a find e que personas con discapacidad puedan integrarse.\";\r\n\r\n        nuestras_acciones_tarjeta_img_3.src = 'https://www.swissnaturelabs.com/assets/img/blog-6.jpg';\r\n        nuestras_acciones_texto_h2_3.textContent = \"Unidos es mejor\";\r\n        nuestras_acciones_texto_p_3.textContent = \"Cada vez que realizas una compra en SNL, estarás colaborando en la donación a una de estas organizaciones sin fines de lucro. Súmate al desafío! MEJOREMOS EL MUNDO JUNTOS.\";\r\n\r\n        main.appendChild(texto_superior);\r\n        texto_superior.appendChild(texto_superior_h3);\r\n        texto_superior.appendChild(texto_superior_p);\r\n\r\n        main.appendChild(contenedor_tarjeta_principal);\r\n        contenedor_tarjeta_principal.appendChild(tarjeta_principal_texto);\r\n        tarjeta_principal_texto.appendChild(tarjeta_principal_texto_h3);\r\n        tarjeta_principal_texto.appendChild(tarjeta_principal_texto_p);\r\n        contenedor_tarjeta_principal.appendChild(contenedor_tarjeta_principal_img);\r\n\r\n        main.appendChild(contenedor_nuestras_acciones);\r\n        contenedor_nuestras_acciones.appendChild(contenedor_nuestras_acciones_h3);\r\n\r\n        contenedor_nuestras_acciones.appendChild(nuestras_acciones_tarjetas);\r\n\r\n        nuestras_acciones_tarjetas.appendChild(nuestras_acciones_tarjeta);\r\n        nuestras_acciones_tarjetas.appendChild(nuestras_acciones_tarjeta_2);\r\n        nuestras_acciones_tarjetas.appendChild(nuestras_acciones_tarjeta_3);\r\n\r\n        nuestras_acciones_tarjeta.appendChild(nuestras_acciones_tarjeta_img);\r\n        nuestras_acciones_tarjeta.appendChild(nuestras_acciones_texto);\r\n        nuestras_acciones_texto.appendChild(nuestras_acciones_texto_h2);\r\n        nuestras_acciones_texto.appendChild(nuestras_acciones_texto_p);\r\n\r\n        nuestras_acciones_tarjeta_2.appendChild(nuestras_acciones_tarjeta_img_2);\r\n        nuestras_acciones_tarjeta_2.appendChild(nuestras_acciones_texto_2);\r\n        nuestras_acciones_texto_2.appendChild(nuestras_acciones_texto_h2_2);\r\n        nuestras_acciones_texto_2.appendChild(nuestras_acciones_texto_p_2);\r\n\r\n        nuestras_acciones_tarjeta_3.appendChild(nuestras_acciones_tarjeta_img_3);\r\n        nuestras_acciones_tarjeta_3.appendChild(nuestras_acciones_texto_3);\r\n        nuestras_acciones_texto_3.appendChild(nuestras_acciones_texto_h2_3);\r\n        nuestras_acciones_texto_3.appendChild(nuestras_acciones_texto_p_3);\r\n\r\n        texto_superior.classList.add(\"texto-superior\");\r\n\r\n        contenedor_tarjeta_principal.classList.add(\"contenedor-tarjeta-principal\")\r\n        tarjeta_principal_texto.classList.add(\"tarjeta-principal-texto\")\r\n\r\n        contenedor_nuestras_acciones.classList.add(\"contenedor-nuestras-acciones\");\r\n        nuestras_acciones_tarjetas.classList.add(\"nuestras-acciones-tarjetas\")\r\n\r\n        nuestras_acciones_tarjeta.classList.add(\"nuestras-acciones-tarjeta\");\r\n        nuestras_acciones_tarjeta_2.classList.add(\"nuestras-acciones-tarjeta\");\r\n        nuestras_acciones_tarjeta_3.classList.add(\"nuestras-acciones-tarjeta\");\r\n\r\n        nuestras_acciones_texto.classList.add(\"nuestras-acciones-texto\")\r\n        nuestras_acciones_texto_2.classList.add(\"nuestras-acciones-texto\")\r\n        nuestras_acciones_texto_3.classList.add(\"nuestras-acciones-texto\")\r\n\r\n        throw new Error(\"Error controlado\");\r\n    } else if (document.querySelector(\".ui-search--zrp\")){\r\n        const ui_search = document.querySelector(\".ui-search--zrp\");\r\n\r\n        ui_search.classList.toggle(\"invisible\");\r\n\r\n        let main = document.querySelector(\"#root-app\");\r\n\r\n        let texto_superior = document.createElement(\"div\");\r\n        let texto_superior_h3 = document.createElement(\"h3\");\r\n        let texto_superior_p = document.createElement(\"p\");\r\n\r\n        let contenedor_tarjeta_principal = document.createElement(\"div\");\r\n        let tarjeta_principal_texto = document.createElement(\"div\");\r\n        let tarjeta_principal_texto_h3 = document.createElement(\"h3\");\r\n        let tarjeta_principal_texto_p = document.createElement(\"p\");\r\n        let contenedor_tarjeta_principal_img = document.createElement(\"img\");\r\n\r\n        let contenedor_nuestras_acciones = document.createElement(\"div\");\r\n        let contenedor_nuestras_acciones_h3 = document.createElement(\"h3\");\r\n\r\n        let nuestras_acciones_tarjetas = document.createElement(\"div\");\r\n\r\n        let nuestras_acciones_tarjeta = document.createElement(\"div\");\r\n        let nuestras_acciones_tarjeta_2 = document.createElement(\"div\");\r\n        let nuestras_acciones_tarjeta_3 = document.createElement(\"div\");\r\n\r\n        let nuestras_acciones_tarjeta_img = document.createElement(\"img\");\r\n        let nuestras_acciones_tarjeta_img_2 = document.createElement(\"img\");\r\n        let nuestras_acciones_tarjeta_img_3 = document.createElement(\"img\");\r\n\r\n        let nuestras_acciones_texto = document.createElement(\"div\");\r\n        let nuestras_acciones_texto_2 = document.createElement(\"div\");\r\n        let nuestras_acciones_texto_3 = document.createElement(\"div\");\r\n\r\n        let nuestras_acciones_texto_h2 = document.createElement(\"h2\");\r\n        let nuestras_acciones_texto_p = document.createElement(\"p\");\r\n        let nuestras_acciones_texto_h2_2 = document.createElement(\"h2\");\r\n        let nuestras_acciones_texto_p_2 = document.createElement(\"p\");\r\n        let nuestras_acciones_texto_h2_3 = document.createElement(\"h2\");\r\n        let nuestras_acciones_texto_p_3 = document.createElement(\"p\");\r\n\r\n        texto_superior_h3.textContent = \"Responsabilidad Social\";\r\n        texto_superior_p.innerHTML = \"<span>Home</span> / Responsabilidad Social\"\r\n\r\n        tarjeta_principal_texto_h3.textContent = \"Socios por un mundo mejor\";\r\n        tarjeta_principal_texto_p.textContent = \"Nuestra filosofia es brindar soluciones: Ya sea a través de nuestras soluciones de salud, bienestar y belleza, como a partir de nuestras acciones.\";\r\n        contenedor_tarjeta_principal_img.src = 'https://www.swissnaturelabs.com/assets/img/xl_2.jpg';\r\n\r\n        contenedor_nuestras_acciones_h3.textContent = \"Nuestras Acciones\"\r\n\r\n        nuestras_acciones_tarjeta_img.src = 'https://www.swissnaturelabs.com/assets/img/blog-4.jpg';\r\n        nuestras_acciones_texto_h2.textContent = \"ONG Raices\";\r\n        nuestras_acciones_texto_p.textContent = \"Hemos establecido una alianza con ONG Raices, dedicada a la promocion y restitucion de los derechos de los niños y adolescentes.\";\r\n\r\n        nuestras_acciones_tarjeta_img_2.src = 'https://www.swissnaturelabs.com/assets/img/blog-5.jpg';\r\n        nuestras_acciones_texto_h2_2.textContent = \"Ciclo Danza\";\r\n        nuestras_acciones_texto_p_2.textContent = \"Hemos realizado una donacion de sillas de ruedas y seguiremos colaborando, a través de donaciones durante todo el año, a find e que personas con discapacidad puedan integrarse.\";\r\n\r\n        nuestras_acciones_tarjeta_img_3.src = 'https://www.swissnaturelabs.com/assets/img/blog-6.jpg';\r\n        nuestras_acciones_texto_h2_3.textContent = \"Unidos es mejor\";\r\n        nuestras_acciones_texto_p_3.textContent = \"Cada vez que realizas una compra en SNL, estarás colaborando en la donación a una de estas organizaciones sin fines de lucro. Súmate al desafío! MEJOREMOS EL MUNDO JUNTOS.\";\r\n\r\n        main.appendChild(texto_superior);\r\n        texto_superior.appendChild(texto_superior_h3);\r\n        texto_superior.appendChild(texto_superior_p);\r\n\r\n        main.appendChild(contenedor_tarjeta_principal);\r\n        contenedor_tarjeta_principal.appendChild(tarjeta_principal_texto);\r\n        tarjeta_principal_texto.appendChild(tarjeta_principal_texto_h3);\r\n        tarjeta_principal_texto.appendChild(tarjeta_principal_texto_p);\r\n        contenedor_tarjeta_principal.appendChild(contenedor_tarjeta_principal_img);\r\n\r\n        main.appendChild(contenedor_nuestras_acciones);\r\n        contenedor_nuestras_acciones.appendChild(contenedor_nuestras_acciones_h3);\r\n\r\n        contenedor_nuestras_acciones.appendChild(nuestras_acciones_tarjetas);\r\n\r\n        nuestras_acciones_tarjetas.appendChild(nuestras_acciones_tarjeta);\r\n        nuestras_acciones_tarjetas.appendChild(nuestras_acciones_tarjeta_2);\r\n        nuestras_acciones_tarjetas.appendChild(nuestras_acciones_tarjeta_3);\r\n\r\n        nuestras_acciones_tarjeta.appendChild(nuestras_acciones_tarjeta_img);\r\n        nuestras_acciones_tarjeta.appendChild(nuestras_acciones_texto);\r\n        nuestras_acciones_texto.appendChild(nuestras_acciones_texto_h2);\r\n        nuestras_acciones_texto.appendChild(nuestras_acciones_texto_p);\r\n\r\n        nuestras_acciones_tarjeta_2.appendChild(nuestras_acciones_tarjeta_img_2);\r\n        nuestras_acciones_tarjeta_2.appendChild(nuestras_acciones_texto_2);\r\n        nuestras_acciones_texto_2.appendChild(nuestras_acciones_texto_h2_2);\r\n        nuestras_acciones_texto_2.appendChild(nuestras_acciones_texto_p_2);\r\n\r\n        nuestras_acciones_tarjeta_3.appendChild(nuestras_acciones_tarjeta_img_3);\r\n        nuestras_acciones_tarjeta_3.appendChild(nuestras_acciones_texto_3);\r\n        nuestras_acciones_texto_3.appendChild(nuestras_acciones_texto_h2_3);\r\n        nuestras_acciones_texto_3.appendChild(nuestras_acciones_texto_p_3);\r\n\r\n        texto_superior.classList.add(\"texto-superior\");\r\n\r\n        contenedor_tarjeta_principal.classList.add(\"contenedor-tarjeta-principal\")\r\n        tarjeta_principal_texto.classList.add(\"tarjeta-principal-texto\")\r\n\r\n        contenedor_nuestras_acciones.classList.add(\"contenedor-nuestras-acciones\");\r\n        nuestras_acciones_tarjetas.classList.add(\"nuestras-acciones-tarjetas\")\r\n\r\n        nuestras_acciones_tarjeta.classList.add(\"nuestras-acciones-tarjeta\");\r\n        nuestras_acciones_tarjeta_2.classList.add(\"nuestras-acciones-tarjeta\");\r\n        nuestras_acciones_tarjeta_3.classList.add(\"nuestras-acciones-tarjeta\");\r\n\r\n        nuestras_acciones_texto.classList.add(\"nuestras-acciones-texto\")\r\n        nuestras_acciones_texto_2.classList.add(\"nuestras-acciones-texto\")\r\n        nuestras_acciones_texto_3.classList.add(\"nuestras-acciones-texto\")\r\n\r\n        throw new Error(\"Error controlado\");\r\n    }\r\n\r\n}\r\n","src":"","priority":10,"key":"widget-9"}]